"x","y","Z"
12.4552249689087,52.1450583649254,11.7141992650914
12.513041517018,52.1138125357381,11.7086871397717
12.7126800382401,52.1895950307068,11.6109619595594
12.3667617436763,52.4806066809186,19.6716688761888
12.4417223081807,52.3409115884816,2.64672027268096
12.5612986030107,52.032029029058,11.4964865394504
12.2192009785558,52.965398455528,16.0107647442888
12.1429554451097,52.896430882367,11.9821785453188
11.932100759021,53.2364027421918,3.21079053239844
12.4658555146365,53.1683538090517,11.4042582513421
12.5438648272501,53.0127657799979,13.200695679353
12.3120787957342,53.2543553149108,19.8306406790687
12.3358851028694,52.783177031343,16.9133507515844
12.3243232648355,52.8550855867267,14.6951787172342
13.8490776779027,52.7161994104468,11.0853770018247
13.9303194380959,52.5568364848688,10.6969211902626
13.7643259073766,52.9980486875319,11.5307841098993
13.6137043154207,52.9447389152014,11.7035398402881
13.8811929436181,53.041607736331,11.4525644527303
13.720502993809,52.3231724852148,3.55176990516737
13.5751243764234,52.2334851762169,7.60085407786323
13.5682797816536,52.6927087187311,11.5298826646301
13.6457480526752,52.5520159119789,11.1195915091048
13.5995157447143,52.509929665217,11.2806276705649
14.1800747158297,52.7637318527303,11.0926236389051
14.3214080745111,52.5727204347452,10.9950029069712
14.14434804018,52.9649359305941,11.2684386856222
14.1806220478885,53.0618343487182,11.3228827030944
13.9566875515741,52.1970916930675,9.59122368185135
14.2269453984844,52.2935426077441,10.7529328140871
13.7414760025182,53.2296031529964,11.6584944394646
13.4187553267815,51.452704643712,12.22986941427
13.8000933959772,53.1991712489565,11.5988877581852
14.1294412538753,53.2478596549099,11.4224854258348
13.184966778186,51.9010274522934,5.94915112711812
12.9815845822655,51.9495695313449,8.50962371447829
13.2904085961905,52.0176360552409,8.34312857254542
12.977169075745,52.3031333077747,10.2617386441287
12.8905862216408,52.1828140992581,9.63079608047144
12.7177931174152,52.0476490972017,10.9144751339102
13.3894294256297,52.0649753237452,12.530141115008
13.658795076563,52.1607509234585,6.89894427040172
13.3557369574241,52.2672590440855,23.7653069697374
13.2784888319198,52.1971965118458,9.32531403976404
13.4607219476538,52.3837196324798,17.6732469317748
13.3940498986881,51.4945100501154,12.2854769930119
13.037108769891,52.9010722217859,13.6055690149834
12.8965703010846,52.8982150920061,14.3376230732059
13.1533912139406,52.9442789697792,12.9953310432892
12.6989419909087,53.0296217456903,13.6455788182384
12.4552249689087,52.1450583649254,11.7141992650914
12.513041517018,52.1138125357381,11.7086871397717
12.7126800382401,52.1895950307068,11.6109619595594
12.3667617436763,52.4806066809186,19.6716688761888
12.4417223081807,52.3409115884816,2.64672027268096
12.5612986030107,52.032029029058,11.4964865394504
12.2192009785558,52.965398455528,16.0107647442888
12.1429554451097,52.896430882367,11.9821785453188
11.932100759021,53.2364027421918,3.21079053239844
12.4658555146365,53.1683538090517,11.4042582513421
12.4552249689087,52.1450583649254,11.7141992650914
12.513041517018,52.1138125357381,11.7086871397717
12.7126800382401,52.1895950307068,11.6109619595594
12.3667617436763,52.4806066809186,19.6716688761888
12.4417223081807,52.3409115884816,2.64672027268096
12.5612986030107,52.032029029058,11.4964865394504
12.2192009785558,52.965398455528,16.0107647442888
12.1429554451097,52.896430882367,11.9821785453188
11.932100759021,53.2364027421918,3.21079053239844
12.4658555146365,53.1683538090517,11.4042582513421
52.1450583649254,12.4552249689087,NA,11.1520707066502
52.1138125357381,12.513041517018,NA,11.1521022885419
52.1895950307068,12.7126800382401,NA,11.152169989264
52.4806066809186,12.3667617436763,NA,11.1519581553641
52.3409115884816,12.4417223081807,NA,11.1520210265319
52.032029029058,12.5612986030107,NA,11.1521412548915
52.965398455528,12.2192009785558,NA,11.1517881692116
52.896430882367,12.1429554451097,NA,11.1517722596704
53.2364027421918,11.932100759021,NA,11.1516106650418
53.1683538090517,12.4658555146365,NA,11.1518431550835
52.1450583649254,12.4552249689087,NA,11.1520707066502
52.1138125357381,12.513041517018,NA,11.1521022885419
52.1895950307068,12.7126800382401,NA,11.152169989264
52.4806066809186,12.3667617436763,NA,11.1519581553641
52.3409115884816,12.4417223081807,NA,11.1520210265319
52.032029029058,12.5612986030107,NA,11.1521412548915
52.965398455528,12.2192009785558,NA,11.1517881692116
52.896430882367,12.1429554451097,NA,11.1517722596704
53.2364027421918,11.932100759021,NA,11.1516106650418
53.1683538090517,12.4658555146365,NA,11.1518431550835
52.1450583649254,12.4552249689087,NA,11.1520707066502
52.1138125357381,12.513041517018,NA,11.1521022885419
52.1895950307068,12.7126800382401,NA,11.152169989264
52.4806066809186,12.3667617436763,NA,11.1519581553641
52.3409115884816,12.4417223081807,NA,11.1520210265319
52.032029029058,12.5612986030107,NA,11.1521412548915
52.965398455528,12.2192009785558,NA,11.1517881692116
52.896430882367,12.1429554451097,NA,11.1517722596704
53.2364027421918,11.932100759021,NA,11.1516106650418
53.1683538090517,12.4658555146365,NA,11.1518431550835
52.1450583649254,12.4552249689087,11.1520707066502
52.1138125357381,12.513041517018,11.1521022885419
52.1895950307068,12.7126800382401,11.152169989264
52.4806066809186,12.3667617436763,11.1519581553641
52.3409115884816,12.4417223081807,11.1520210265319
52.032029029058,12.5612986030107,11.1521412548915
52.965398455528,12.2192009785558,11.1517881692116
52.896430882367,12.1429554451097,11.1517722596704
53.2364027421918,11.932100759021,11.1516106650418
53.1683538090517,12.4658555146365,11.1518431550835
52.1450583649254,12.4552249689087,NA,11.1520707066502
52.1138125357381,12.513041517018,NA,11.1521022885419
52.1895950307068,12.7126800382401,NA,11.152169989264
52.4806066809186,12.3667617436763,NA,11.1519581553641
52.3409115884816,12.4417223081807,NA,11.1520210265319
52.032029029058,12.5612986030107,NA,11.1521412548915
52.965398455528,12.2192009785558,NA,11.1517881692116
52.896430882367,12.1429554451097,NA,11.1517722596704
53.2364027421918,11.932100759021,NA,11.1516106650418
53.1683538090517,12.4658555146365,NA,11.1518431550835
52.1450583649254,12.4552249689087,NA,11.1520707066502
52.1138125357381,12.513041517018,NA,11.1521022885419
52.1895950307068,12.7126800382401,NA,11.152169989264
52.4806066809186,12.3667617436763,NA,11.1519581553641
52.3409115884816,12.4417223081807,NA,11.1520210265319
52.032029029058,12.5612986030107,NA,11.1521412548915
52.965398455528,12.2192009785558,NA,11.1517881692116
52.896430882367,12.1429554451097,NA,11.1517722596704
53.2364027421918,11.932100759021,NA,11.1516106650418
53.1683538090517,12.4658555146365,NA,11.1518431550835
52.1450583649254,12.4552249689087,11.1520707066502
52.1138125357381,12.513041517018,11.1521022885419
52.1895950307068,12.7126800382401,11.152169989264
52.4806066809186,12.3667617436763,11.1519581553641
52.3409115884816,12.4417223081807,11.1520210265319
52.032029029058,12.5612986030107,11.1521412548915
52.965398455528,12.2192009785558,11.1517881692116
52.896430882367,12.1429554451097,11.1517722596704
53.2364027421918,11.932100759021,11.1516106650418
53.1683538090517,12.4658555146365,11.1518431550835
52.1450583649254,12.4552249689087,11.1520707066502
52.1138125357381,12.513041517018,11.1521022885419
52.1895950307068,12.7126800382401,11.152169989264
52.4806066809186,12.3667617436763,11.1519581553641
52.3409115884816,12.4417223081807,11.1520210265319
52.032029029058,12.5612986030107,11.1521412548915
52.965398455528,12.2192009785558,11.1517881692116
52.896430882367,12.1429554451097,11.1517722596704
53.2364027421918,11.932100759021,11.1516106650418
53.1683538090517,12.4658555146365,11.1518431550835
53.0127657799979,12.5438648272501,11.1519108195443
53.2543553149108,12.3120787957342,11.151760872499
52.783177031343,12.3358851028694,11.1518772539413
52.8550855867267,12.3243232648355,11.1518562629342
52.7161994104468,13.8490776779027,11.1525249291955
52.5568364848688,13.9303194380959,11.1525990791284
52.9980486875319,13.7643259073766,11.1524191601772
52.9447389152014,13.6137043154207,11.1523696994234
53.041607736331,13.8811929436181,11.1524568471529
52.3231724852148,13.720502993809,11.1525677546328
52.1450583649254,12.4552249689087,11.1520707066502
52.1138125357381,12.513041517018,11.1521022885419
52.1895950307068,12.7126800382401,11.152169989264
52.4806066809186,12.3667617436763,11.1519581553641
52.3409115884816,12.4417223081807,11.1520210265319
52.032029029058,12.5612986030107,11.1521412548915
52.965398455528,12.2192009785558,11.1517881692116
52.896430882367,12.1429554451097,11.1517722596704
53.2364027421918,11.932100759021,11.1516106650418
53.1683538090517,12.4658555146365,11.1518431550835
53.0127657799979,12.5438648272501,11.1519108195443
53.2543553149108,12.3120787957342,11.151760872499
52.783177031343,12.3358851028694,11.1518772539413
52.8550855867267,12.3243232648355,11.1518562629342
52.7161994104468,13.8490776779027,11.1525249291955
52.5568364848688,13.9303194380959,11.1525990791284
52.9980486875319,13.7643259073766,11.1524191601772
52.9447389152014,13.6137043154207,11.1523696994234
53.041607736331,13.8811929436181,11.1524568471529
52.3231724852148,13.720502993809,11.1525677546328
52.1450583649254,12.4552249689087,11.1520707066502
52.1138125357381,12.513041517018,11.1521022885419
52.1895950307068,12.7126800382401,11.152169989264
52.4806066809186,12.3667617436763,11.1519581553641
52.3409115884816,12.4417223081807,11.1520210265319
52.032029029058,12.5612986030107,11.1521412548915
52.965398455528,12.2192009785558,11.1517881692116
52.896430882367,12.1429554451097,11.1517722596704
53.2364027421918,11.932100759021,11.1516106650418
53.1683538090517,12.4658555146365,11.1518431550835
53.0127657799979,12.5438648272501,11.1519108195443
53.2543553149108,12.3120787957342,11.151760872499
52.783177031343,12.3358851028694,11.1518772539413
52.8550855867267,12.3243232648355,11.1518562629342
52.7161994104468,13.8490776779027,11.1525249291955
52.5568364848688,13.9303194380959,11.1525990791284
52.9980486875319,13.7643259073766,11.1524191601772
52.9447389152014,13.6137043154207,11.1523696994234
53.041607736331,13.8811929436181,11.1524568471529
52.3231724852148,13.720502993809,11.1525677546328
52.1450583649254,12.4552249689087,11.1520707066502
52.1138125357381,12.513041517018,11.1521022885419
52.1895950307068,12.7126800382401,11.152169989264
52.4806066809186,12.3667617436763,11.1519581553641
52.3409115884816,12.4417223081807,11.1520210265319
52.032029029058,12.5612986030107,11.1521412548915
52.965398455528,12.2192009785558,11.1517881692116
52.896430882367,12.1429554451097,11.1517722596704
53.2364027421918,11.932100759021,11.1516106650418
53.1683538090517,12.4658555146365,11.1518431550835
53.0127657799979,12.5438648272501,11.1519108195443
53.2543553149108,12.3120787957342,11.151760872499
52.783177031343,12.3358851028694,11.1518772539413
52.8550855867267,12.3243232648355,11.1518562629342
52.7161994104468,13.8490776779027,11.1525249291955
52.5568364848688,13.9303194380959,11.1525990791284
52.9980486875319,13.7643259073766,11.1524191601772
52.9447389152014,13.6137043154207,11.1523696994234
53.041607736331,13.8811929436181,11.1524568471529
52.3231724852148,13.720502993809,11.1525677546328
52.1450583649254,12.4552249689087,11.1520707066502
52.1138125357381,12.513041517018,11.1521022885419
52.1895950307068,12.7126800382401,11.152169989264
52.4806066809186,12.3667617436763,11.1519581553641
52.3409115884816,12.4417223081807,11.1520210265319
52.032029029058,12.5612986030107,11.1521412548915
52.965398455528,12.2192009785558,11.1517881692116
52.896430882367,12.1429554451097,11.1517722596704
53.2364027421918,11.932100759021,11.1516106650418
53.1683538090517,12.4658555146365,11.1518431550835
53.0127657799979,12.5438648272501,11.1519108195443
53.2543553149108,12.3120787957342,11.151760872499
52.783177031343,12.3358851028694,11.1518772539413
52.8550855867267,12.3243232648355,11.1518562629342
52.7161994104468,13.8490776779027,11.1525249291955
52.5568364848688,13.9303194380959,11.1525990791284
52.9980486875319,13.7643259073766,11.1524191601772
52.9447389152014,13.6137043154207,11.1523696994234
53.041607736331,13.8811929436181,11.1524568471529
52.3231724852148,13.720502993809,11.1525677546328
52.1450583649254,12.4552249689087,11.1520707066502
52.1138125357381,12.513041517018,11.1521022885419
52.1895950307068,12.7126800382401,11.152169989264
52.4806066809186,12.3667617436763,11.1519581553641
52.3409115884816,12.4417223081807,11.1520210265319
52.032029029058,12.5612986030107,11.1521412548915
52.965398455528,12.2192009785558,11.1517881692116
52.896430882367,12.1429554451097,11.1517722596704
53.2364027421918,11.932100759021,11.1516106650418
53.1683538090517,12.4658555146365,11.1518431550835
53.0127657799979,12.5438648272501,11.1519108195443
53.2543553149108,12.3120787957342,11.151760872499
52.783177031343,12.3358851028694,11.1518772539413
52.8550855867267,12.3243232648355,11.1518562629342
52.7161994104468,13.8490776779027,11.1525249291955
52.5568364848688,13.9303194380959,11.1525990791284
52.9980486875319,13.7643259073766,11.1524191601772
52.9447389152014,13.6137043154207,11.1523696994234
53.041607736331,13.8811929436181,11.1524568471529
52.3231724852148,13.720502993809,11.1525677546328
52.1450583649254,12.4552249689087,11.1520707066502
52.1138125357381,12.513041517018,11.1521022885419
52.1895950307068,12.7126800382401,11.152169989264
52.4806066809186,12.3667617436763,11.1519581553641
52.3409115884816,12.4417223081807,11.1520210265319
52.032029029058,12.5612986030107,11.1521412548915
52.965398455528,12.2192009785558,11.1517881692116
52.896430882367,12.1429554451097,11.1517722596704
53.2364027421918,11.932100759021,11.1516106650418
53.1683538090517,12.4658555146365,11.1518431550835
53.0127657799979,12.5438648272501,11.1519108195443
53.2543553149108,12.3120787957342,11.151760872499
52.783177031343,12.3358851028694,11.1518772539413
52.8550855867267,12.3243232648355,11.1518562629342
52.7161994104468,13.8490776779027,11.1525249291955
52.5568364848688,13.9303194380959,11.1525990791284
52.9980486875319,13.7643259073766,11.1524191601772
52.9447389152014,13.6137043154207,11.1523696994234
53.041607736331,13.8811929436181,11.1524568471529
52.3231724852148,13.720502993809,11.1525677546328
52.2334851762169,13.5751243764234,11.1525275114292
52.6927087187311,13.5682797816536,11.1524126228604
52.5520159119789,13.6457480526752,11.1524797757901
52.509929665217,13.5995157447143,11.1524705216189
52.7637318527303,14.1800747158297,11.1526523207617
52.5727204347452,14.3214080745111,11.1527610633462
52.9649359305941,14.14434804018,11.1525859362109
53.0618343487182,14.1806220478885,11.1525762560726
52.1970916930675,13.9566875515741,11.1527001847783
52.2935426077441,14.2269453984844,11.1527920726008
53.2296031529964,13.7414760025182,11.1523519145651
51.452704643712,13.4187553267815,11.1526467439178
53.1991712489565,13.8000933959772,11.152383703525
53.2478596549099,14.1294412538753,11.15250733916
51.9010274522934,13.184966778186,11.1524391613764
51.9495695313449,12.9815845822655,11.1523401817018
52.0176360552409,13.2904085961905,11.1524571105278
52.3031333077747,12.977169075745,11.1522560961312
52.1828140992581,12.8905862216408,11.1522472403366
52.0476490972017,12.7177931174152,11.1522045534727
52.0649753237452,13.3894294256297,11.1524884433015
52.1607509234585,13.658795076563,11.1525810931249
52.2672590440855,13.3557369574241,11.1524256308552
52.1971965118458,13.2784888319198,11.1524093648214
52.3837196324798,13.4607219476538,11.1524423200196
51.4945100501154,13.3940498986881,11.1526259937263
52.9010722217859,13.037108769891,11.1521406132977
52.8982150920061,12.8965703010846,11.1520830135115
52.9442789697792,13.1533912139406,11.1521785581019
53.0296217456903,12.6989419909087,11.151970719956
52.6241970162868,12.8008820188316,11.1521071196477
52.4576256645953,12.9164589858554,11.1521943920419
52.4661608183425,12.8797248399953,11.1521769247129
52.9686082973006,12.5861623883617,11.1519383826232
52.6856833042558,12.6851549340025,11.1520445686464
52.9180402865084,13.4231988712473,11.1522969533886
52.9905413603586,13.4107702658574,11.1522741426327
53.0469860576209,13.0830992904949,11.1521249598276
53.0933950375082,13.3400445719987,11.1522198686529
52.7407623741334,13.2053916409869,11.1522488648661
52.6007292044955,13.2820918497255,11.152314554743
52.4310314290709,13.2573240877475,11.1523446757477
52.0629719557931,14.7541655160752,11.1530796640219
52.4424619929294,14.2726369510157,11.1527736743621
53.3706613569254,14.1251574868696,11.1524740778298
51.642790177626,13.8894044921756,11.1528080298319
52.1080836596936,13.8823651009171,11.1526902753463
51.9465167046827,13.9637054272055,11.152765532734
51.6049006354758,13.8239015373749,11.1527885094557
51.4316495285238,13.7988751407573,11.1528196459672
51.7116302079496,13.7522105866726,11.1527310431128
51.7860297485767,13.7397540570445,11.1527074854325
51.6275272379191,14.3242752780969,11.1530033861774
51.7237222409915,14.5968366871883,11.153099064446
52.252147944698,14.2521388465596,11.1528134339211
52.0816453869018,14.3718674023918,11.1529086707202
51.9601927638936,14.3570030471354,11.1529332356945
51.5656409857861,14.2085232655533,11.1529678247811
52.1892009840853,12.3426618407203,11.1520131304609
52.1765987138248,12.7677791602997,11.1521963939946
52.1069030691534,12.6906269818374,11.1521794635472
52.5240845147287,12.2546241299653,11.1519015348764
53.1879044348808,12.1485456231544,11.1517093638369
52.912918852717,12.0705574053936,11.1517388324653
53.2341242401106,12.4026540007044,11.151802331748
53.0676088956232,12.3773951114008,11.1518299638858
52.929765538413,12.4522913442335,11.1518921116652
52.6822160257253,12.2470065032709,11.1518630714298
52.8924140939994,12.3883058967695,11.1518742213621
52.6136511285006,13.7598763848801,11.1525128137074
52.7103364069328,14.0285845359411,11.1526020301637
52.8874564054935,13.7124777462336,11.1524250495901
52.8958381781498,13.6754687003963,11.152407523127
53.0582336601701,13.8071188727879,11.1524219094571
52.2204115434219,13.6308544805282,11.1525545574763
52.3165763165969,13.900341072945,11.1526462629103
52.736306546705,13.4542561308122,11.1523541270709
52.4495295618825,13.5563786332739,11.1524669764635
52.6322380624738,14.2929230273339,11.1527336819778
53.0321838998411,14.0788414243429,11.1525414587714
52.8623091383596,14.055411327575,11.1525748437159
53.0758930179897,14.1959589472706,11.1525790305316
52.3109973730195,14.1521085230462,11.1527555233432
53.2845269034437,13.5723288352763,11.1522686895499
53.1457298750684,13.6497356501518,11.1523349388051
53.049452927586,13.6132898571822,11.1523436835447
51.4353546667434,13.6366328124185,11.1527469993663
53.2643145690129,14.0552451506927,11.152472508887
53.1942159288515,13.978755209945,11.152458753743
51.9695526380142,13.1204194700274,11.1523952691583
52.1226389681087,12.8472404762004,11.1522426512407
52.2459352610581,13.1460920114217,11.1523413327825
51.6179599628185,13.1062878258038,11.1524710715835
51.9321668925447,13.5006907597526,11.1525682610696
51.8618622529641,13.4230887141486,11.1525514746655
52.0491096724426,13.6061590632772,11.1525855958415
52.2145875348589,13.2045295647913,11.1523736542963
51.8241431224884,13.3579323489104,11.1525321851718
51.5402871845264,13.2793712107041,11.1525648749561
52.7995106921663,12.9482382206664,11.152127661658
53.0109064396214,13.0891912648114,11.1521360758869
53.0434777876071,12.7142050677185,11.1519737806188
53.1133814000117,13.0190252451808,11.1520827536825
52.6410704773895,12.7276475174269,11.1520725944668
51.6543380388271,14.7357606178308,11.1531784408126
52.3557944177197,12.8270938890601,11.1521802978871
52.7940822557536,12.6674295105521,11.1520122044434
52.8675616523982,12.4974484771913,11.1519249358255
52.96328658576,12.7626107626966,11.1520123898637
52.9347171545405,13.3495059437723,11.1522622632233
52.8161037086796,13.334290458383,11.1522846134821
51.6161323591224,14.6699339314732,11.1531592075227
52.9780717292817,13.466053699123,11.1523001284398
53.1598759818677,13.2756408471021,11.152177206959
52.9917007197369,13.2513541121697,11.152207777784
52.6570651653658,13.1132721949368,11.1522302296644
52.5606581496383,13.0762617776423,11.1522375068831
52.4986538431995,13.1928320270691,11.1523013097653
52.2048291666281,14.5303969304745,11.1529455852859
51.9589350233915,14.6640962105282,11.1530675792306
52.4088648426015,14.4942286517833,11.152877121428
52.4294603043563,14.328788446172,11.1528009992297
52.5068318593837,14.5307485964512,11.1528672808838
53.0409746322008,14.2736793323253,11.1526203873049
53.2652810671478,14.2868082659536,11.1525678533239
53.1445849432044,14.2014884863316,11.1525636760482
51.6292178090299,13.9456111607515,11.1528360783147
52.1767076267706,13.8169587353269,11.1526451497897
52.0049743457979,13.7924422632162,11.1526768402463
51.8617759224592,13.8704389895067,11.1527459060062
51.5014309838624,13.733398175327,11.1527737957771
51.5453560254384,13.9957155984224,11.1528788385009
51.6083211193872,13.66184222569,11.1527164734273
51.8238904614328,13.8050963855571,11.1527267354809
51.7418323569985,14.5213312251951,11.1530611288515
51.6195626688267,14.5063773473261,11.1530859010765
52.1399768366256,14.1998006552598,11.1528193371555
51.9780151246786,14.2818557397798,11.1528959733391
51.557566763291,14.3904830277335,11.1530503972889
53.2355230824415,11.7068415602891,11.1515196710604
53.1178554081397,11.6213810544307,11.1515105828471
53.0808169423983,11.5579147692059,11.151492803036
52.5421463283152,12.2517600234512,11.151896313688
52.3611870722526,12.5792744251047,11.1520744224242
52.2917008170346,12.502353133854,11.1520576903887
52.1242856786948,12.6172117134348,11.1521442452255
52.5148853611678,12.5193745876213,11.1520143448872
52.5114022877862,12.3092270142379,11.1519271817669
53.0874957335128,12.0601701356759,11.1516957879081
52.9501518283069,12.1343830641968,11.1517567588412
53.2057094946864,11.7634980332418,11.1515491052647
52.9718627680898,11.8871254474973,11.1516506326276
53.2219644969301,12.4570626064548,11.1518272797273
53.1335028427908,12.3142815934396,11.1517891914407
53.2348861319945,12.2454948879422,11.1517382153703
52.7941950165475,12.4392205333922,11.1519175484199
52.6540666798042,13.9669780124301,11.1525902062886
52.7273274493723,13.9541757630042,11.1525663923137
52.7851992157782,13.6234956278262,11.1524130917593
52.8819226875819,13.8914406546871,11.1525012302875
52.5025239068007,13.7076815857088,11.1525181732238
52.3339512165334,13.8258340638969,11.1526100923091
52.2136270357169,13.810661318839,11.1526333346898
52.7236360014636,13.509682156696,11.1523804569109
52.7001903398593,14.2271269217362,11.1526884162474
52.5291638613448,14.2035747131843,11.1527221067505
52.743828489359,14.344777877309,11.1527268921233
52.9296844245511,13.9899913823281,11.1525304032427
52.4911523454594,14.1385704967697,11.1527041041105
52.3490147260513,14.2172461480747,11.1527738055555
52.2077870973561,14.0623924579558,11.1527429900402
53.4781095505332,13.7153219443576,11.1522790521908
53.3193174612682,13.8853882087292,11.1523886088643
53.2493632546196,13.8089923162319,11.1523747835032
53.0836665906807,13.9271662331422,11.1524653488302
51.956334401357,13.1759206526343,11.1524222716068
51.8862643253697,13.0984376046596,11.1524052525191
52.185645932341,13.1027858704954,11.1523370537686
52.06503633499,13.0160636369682,11.1523281695607
52.0274669618538,12.9512240038061,11.1523091037646
51.8796227857912,13.3487984017525,11.1525150592079
52.3912492569072,13.3527689759477,11.1523946547003
52.2779512008647,13.4607197359883,11.152467853603
52.2078206038484,13.3834513317342,11.1524517008814
51.8419310626725,13.2836860307529,11.1524957797879
51.7213268433737,13.2677575808489,11.152517284768
51.5267167407243,13.3351691960784,11.1525925362495
52.7160586057585,12.8562760660337,11.1521088906958
52.7854669341734,13.1624923677948,11.1522202707686
53.0120295573269,12.9304056408587,11.1520702281694
52.6785528660338,12.7919608044014,11.1520907781786
52.5395899811924,12.6385288450497,11.1520586384373
51.7243610219728,14.6691360818651,11.1531307886503
52.8107605048597,12.5944292275982,11.1519780821886
52.692797767749,12.5784987537774,11.1519984966114
52.8537416487408,12.7103742691492,11.1520162273005
52.8328701194967,13.2606274637129,11.1522498473985
51.6622537664619,14.5532526001638,11.1530956687724
52.9292915963924,13.5276393539101,11.1523376696618
51.5631808936408,14.5161295586309,11.1531046616968
53.1475529692977,13.3307489847024,11.1522028874209
53.058307208951,13.1870376569302,11.1521651597343
52.6244383218398,13.3312961284721,11.1523295579857
52.0709871430407,14.6442955829303,11.1530297507499
52.0922845815502,14.4781215850053,11.1529520365432
52.4262462277052,14.4192002720872,11.152840497576
52.4938470177131,14.5870578563359,11.1528947176619
53.2115436553811,14.1359598616243,11.1525193407895
51.938404578735,14.0728376151871,11.1528150007053
51.6921778985096,14.2049630766713,11.1529345061372
51.6212860713781,14.1269436288097,11.1529178951542
52.1635587821101,13.8728909670281,11.1526724595623
52.0737231690831,13.727125198394,11.1526317694972
51.4841457622625,13.9520003482935,11.1528745897236
51.6540039296597,13.5468032865389,11.1526550628775
51.721883851078,13.8581458089375,11.1527749120353
51.900527211751,14.4575663502121,11.1529923988111
51.6377649396005,14.4309010250897,11.1530478801218
52.0365715879114,14.1098767056151,11.1528064890945
52.1330010403466,14.38089304446,11.1528994316778
51.5758127392868,14.3150834657739,11.1530123952778
52.2126579087748,12.3917214191992,11.1520286635093
52.6089007983494,12.1886517139895,11.1518551612452
52.1843232910444,12.6605563659815,11.1521490424756
52.1815064696362,12.4494509757365,11.1520600870825
52.5318230130445,12.4463660888038,11.1519799447666
52.4625031294421,12.3696454628701,11.1519634255305
52.5746288751003,12.5624866942706,11.1520188002164
53.0849604560124,12.1476744351039,11.15173207858
53.1297121607291,11.949073869113,11.1516411523029
53.1992368008671,12.2512753160698,11.1517486239753
53.230736744671,11.8809284840128,11.1515911811432
53.0975916291324,11.7111499133223,11.1515514276773
53.1057023843422,11.6752262835532,11.1515350716003
53.1212773360816,12.3686658918771,11.1518141882726
53.2171171319533,12.6328374930709,11.1519001066693
53.276905901657,12.1341961100125,11.1516835607521
52.8495549952819,12.2727377068244,11.1518362191654
52.6931400534665,12.3503337295865,11.1519035282234
52.5513436837863,13.8776894483665,11.1525781429166
52.7652672549046,14.0189394689108,11.1525840916372
52.8987142994967,13.817264218345,11.1524660164976
52.7794787856497,13.8024310788616,11.1524895452011
52.3912996192032,13.6553682527161,11.152523268508
52.2310926191952,13.7361842669678,11.1525970852038
52.6744618177914,13.5714044291115,11.1524184033383
52.6214386438882,13.4205331112223,11.1523678265578
52.7178066647533,13.6884748554647,11.1524569735743
52.6873943308025,14.2831358027938,11.1527153738383
52.5972431539512,14.1378660087755,11.1526768819052
53.0561134589127,14.12809930008,11.1525558599349
52.5353782295766,14.0234358303798,11.1526439729599
52.4379386855658,13.9867167014625,11.1526528362618
52.2457708504852,14.1275681331241,11.1527614663788
53.3763880882306,13.6270415397067,11.1522683493634
53.338609252903,13.5628719667205,11.1522514377438
51.4563614127981,13.2572416530709,11.1525748035189
53.268888582059,13.4865765418996,11.1522373359898
53.2657642786722,13.7351101898833,11.1523402595524
51.9039432020268,13.0244855130613,11.1523692353049
51.9490821806986,13.3551672239002,11.1525013085342
52.1331543014185,12.9517865395506,11.1522848455837
51.9795354365239,12.7817826282857,11.1522474846421
51.9173389765052,13.4139123361213,11.1525342629708
51.9425862054215,13.6061464659875,11.1526114004185
52.4084539315678,13.278844867759,11.1523591807465
52.2889197513254,13.2632537081975,11.1523810488347
52.0965467218866,13.3307619532919,11.1524557047173
51.7392046906368,13.1935445825779,11.1524808117766
51.8344545018591,13.4633300847449,11.1525754818275
52.6836756616439,13.0734669306344,11.1522072530392
53.1926998246278,12.7420729188582,11.1519504385292
53.0547544968913,12.8177289472605,11.1520137481544
52.5794590568481,12.8434908289068,11.1521353554264
52.577040652209,12.7028736532422,11.1520769940008
52.6224533746857,12.959960160428,11.152174138546
52.7095642911921,12.5055314038619,11.1519643093002
52.9848939020328,13.3586308145466,11.1522538882197
52.8188620924394,13.4756417079224,11.1523429787979
52.8272593288502,13.4387301120023,11.1523255141706
53.0459172453934,13.2421236115984,11.1521908972842
52.5952529440299,13.2298383586288,11.1522938834914
52.6680623882523,13.2176166994384,11.1522713587248
52.0887448310578,14.5689360146959,11.1529923791695
52.3228631593892,14.3295942289281,11.1528286724489
53.1991545411482,14.1916811721143,11.1525455783591
53.2769227333544,14.3918439182766,11.1526082291683
51.8260032922502,14.0201493739388,11.1528200542855
51.8349583293352,13.9826907940597,11.1528014751281
51.6394189773542,14.0518317092461,11.1528802962933
52.0605062881808,13.7830345761593,11.1526591374489
52.156650213496,14.0532825382308,11.1527518936894
51.7808785741785,13.686867267706,11.152685667678
51.6184756568913,13.7677739019357,11.1527605319252
51.9699157647344,14.391359809375,11.1529457249342
51.7966569514981,14.3673309051203,11.1529794203139
51.6519822706659,14.4465209229386,11.1530511529774
52.0763334216292,14.3187784869958,11.1528870033781
52.1506485313782,14.3058186262293,11.1528624446006
53.1710687705916,11.6130877744284,11.1514957223096
52.18394865019,12.2907528226067,11.1519923277602
52.2800944021686,12.3283235443729,11.1519868330063
52.2016217170147,12.5872153820339,11.1521139779904
52.244350639187,12.7038654399592,11.1521537334882
52.3526882463461,12.3168492436849,11.1519658204272
52.5256984959972,12.6231768073763,11.1520553826902
53.0257781360165,12.104867237692,11.1517277988275
52.9073782557847,12.0191486056353,11.1517189450155
53.2946860957782,12.1313258565885,11.1516784050572
53.0925526999847,11.8854601587341,11.1516234469243
53.1187653489845,12.4564854104127,11.1518506787728
53.0497059534689,12.3803045703637,11.1518352257995
53.2333599419326,12.5601191984997,11.1518666734227
53.2648111794066,12.1883764121833,11.1517082601465
52.9157722134317,12.2096971264808,11.1517953908564
52.6101244379769,12.2584807992337,11.1518839480605
52.5953421361337,13.7630344138314,11.1525186821799
52.6651548458212,14.0722621242468,11.1526318927684
53.0525354646697,13.754794795279,11.1524016152328
52.7963607953826,13.7282830021338,11.1524542491276
52.2886636099315,13.5658086474756,11.1525101240349
52.3848363108533,13.8349687763152,11.1526013847124
52.5636266811715,13.5191954423302,11.1524234556385
52.5721584519934,13.4821891026146,11.1524057599468
52.7347329315228,13.6144035716361,11.1524216896507
52.5843787303549,14.193854288954,11.1527039047387
53.0992658333678,14.0134405318401,11.1524972121551
52.8130719549908,14.1177000146869,11.1526134972603
52.3055979325214,14.0992435887833,11.1527342141665
52.5021200223717,14.2441925473303,11.1527462964825
53.489862433321,13.8195401030151,11.1523186181381
53.2664856655996,13.5754807783416,11.1522744447228
53.3339250091081,13.7408254523104,11.1523255668813
53.4127290986503,14.1709760737049,11.1524820761013
53.2585157388422,14.0028870346224,11.152452391084
53.3036101989756,13.7994010013209,11.152357220056
53.3309578709661,13.9899446309904,11.1524286426939
51.966741200493,13.2809928416582,11.1524651107017
51.8966029025331,13.2034876300537,11.1524482008813
52.3579154792326,12.9681876916701,11.1522395042535
52.2881599202381,12.8911398896873,11.1522230791933
52.120083846291,13.0070916537572,11.1523115122713
52.1729323739807,13.5318180879256,11.1525236351443
51.9803985475592,13.6713244224959,11.1526304367632
51.8588660802812,13.5843704773971,11.1526221871886
52.3062141020175,13.1893612971707,11.1523455032955
51.6055682886729,13.3044720670795,11.1525605341726
51.535265726064,13.2266264126134,11.1525429332116
51.7225853883246,13.4103373686731,11.1525790917918
53.0052684961373,13.0372410764426,11.152115947473
52.7270774163229,12.9602743383856,11.1521497061917
53.1332336848358,12.6993323801049,11.1519467981214
53.179614426243,12.9550579759535,11.1520407624522
52.4778077530672,12.7542797453482,11.1521214270258
52.689533133711,12.8959214404023,11.152131635646
52.7234230824687,12.5208418928976,11.1519675165733
52.7926135144571,12.8260183580774,11.1520784340964
53.0014917359977,13.2850410893654,11.1522193704028
52.71678377844,13.3866093590186,11.1523305042078
53.1541654099361,13.2236577771274,11.1521571919966
52.6122278626766,13.1561532953998,11.1522588677402
52.4932256023777,13.1405802940246,11.1522805487927
52.655369137958,13.2728949317595,11.1522975907479
52.1269183529717,14.6343906294894,11.1530108694487
51.9849192735545,14.4789135442355,11.1529800331015
52.5013278357044,14.4777763490913,11.1528461002764
52.3074748061154,14.5482519808805,11.1529266460306
53.2645526001144,14.4477215559894,11.1526345634325
53.1941798132956,14.3711416564341,11.1526212139944
51.7225167347275,13.9298771750179,11.1528061786266
51.8184418684493,14.2013441893439,11.1529011704496
52.0569605923379,13.8731672253835,11.152698947685
51.9864498833557,13.7955775593389,11.1526827451504
52.1742164464557,13.9785370409812,11.1527152918041
51.8499584025786,13.6216276166445,11.1526405279282
51.6776931062068,13.5965893988213,11.1526711615223
51.5337372784167,13.6742049122137,11.1527399021012
51.736660840701,14.4680060007941,11.153038978582
51.8661713002739,14.3012135571588,11.1529327986165
51.9110175732814,14.5640793369596,11.1530362823234
51.9727528302479,14.2287661089703,11.1528742047396
52.1887234692428,14.3711294490725,11.1528809296628
52.2672165736514,12.3830879974309,11.1520128193701
52.2155366281448,12.6026248454967,11.1521173600709
52.1190466470315,12.5651127493663,11.1521232596928
52.4156945966683,12.5705145357295,11.1520583461843
52.3462381819112,12.4936462619049,11.1520417087423
52.9733251197796,11.9564726099383,11.1516786903784
52.9709741526724,12.2707000374799,11.1518080645847
53.3600102937613,12.0686224606536,11.1516383905909
53.2420739601978,11.9833007339447,11.1516301607999
52.9949319022699,11.7098492526404,11.1515731778847
53.1088005137269,11.8134469749588,11.1515905744547
52.9406989720577,12.3280166941355,11.1518384569269
53.2600554880826,12.3634937272191,11.151780479315
52.9033939354756,12.2640953426293,11.151820555954
52.7217608003105,13.9016138770172,11.1525456560866
52.5623344922038,13.9829751836274,11.1526200251752
53.1193650911619,13.6898272216309,11.152358058521
52.9503838217591,13.6660033756893,11.1523900799576
52.8103808447234,13.7436482731178,11.1524572108539
52.3285592949243,13.7731554768819,11.1525889179628
52.4021297096108,13.7605641698517,11.1525653967781
52.4612787871917,13.4298571131729,11.1524104868146
52.5574964011572,13.6982517737681,11.1525006368709
52.6985457680954,14.3887242102267,11.1527571659929
52.5782465675003,14.3742644569611,11.1527821087549
53.0868052051648,14.0691216922423,11.1525235041885
52.3740117816702,14.033608685029,11.1526888952755
52.2024368492725,14.0095270656218,11.1527215819598
52.4174296212981,14.1514697147395,11.1527282950905
53.3880460829393,13.7312629188234,11.1523081059464
53.1564823708709,13.5238020563256,11.1522802943234
53.3502283519792,13.6670600466189,11.1522912469123
51.3838428770299,13.6271640572861,11.1527551638004
53.3012321066995,13.8886030639264,11.1523944973753
53.2049335464278,13.8523712301313,11.1524038360705
53.3688980740897,14.0542879291751,11.152445414457
52.0247544852509,13.1114007699794,11.1523784688818
51.9547576070682,13.0340006739259,11.1523615281968
52.3084721579128,13.0294180292504,11.1522770227061
52.3053916153734,12.8176223216369,11.1521879293346
52.070233961334,13.4420206943756,11.1525098044347
51.927736583985,13.5192859086779,11.1525773745481
52.2726025944837,13.4082150453647,11.1524467361997
52.3202030010972,13.2047888082089,11.1523487466598
52.3891184726497,13.5132034856458,11.1524633220053
53.0217926622555,12.9639864756301,11.1520817819087
52.9038004606913,12.9484921824914,11.1521032190607
52.7144617725206,13.0153326435114,11.1521756690164
52.3943436896253,12.6620309381338,11.1521017528141
52.4630268111496,12.9686009823837,11.1522151154858
52.9742057452512,12.6378731983066,11.151958402587
52.6911680450173,12.7370572337222,11.1520649455463
53.0391753512235,13.3493385307622,11.1522368689543
52.8997699672966,13.1962502945729,11.152207000708
53.1705682634326,13.1503019747369,11.15212307896
53.0526439891725,13.1350552599713,11.1521450547775
53.2139296048983,13.2663743950455,11.152160316925
52.5102898851782,13.0669267742298,11.1522454617971
52.6062106195667,13.3343718870419,11.1523352371895
52.0230582559254,14.5444078616513,11.1529987253011
52.5186107050449,14.4028158009976,11.152809653993
52.2038572403862,14.4584924672821,11.1529147704792
53.3765142383081,14.1775262296978,11.1524940935479
53.210729581145,14.2966807446409,11.1525860651617
51.7186442040525,14.0204110404376,11.1528468292209
51.8363837351089,14.1262683317331,11.1528638299791
51.874420217315,13.7428338318802,11.1526872774405
51.6099820675825,13.8769440031769,11.1528105972856
51.8365821393518,13.6775523539329,11.1526680914059
51.7468965603151,13.5314401277619,11.1526260846764
51.6326436266144,14.377575279518,11.1530256270949
51.8496788953119,14.5206099735328,11.1530330701672
52.0179999512702,14.1130740374792,11.1528125389255
52.0869624378037,14.4249817931908,11.152930348494
51.5707244172947,14.2617903968977,11.1529901037092
52.194458240494,12.3945988055828,11.1520339477267
52.1818727576189,12.8199679905664,11.1522173908075
52.5987248173674,12.3829909826307,11.151938382959
52.363343174131,12.4205682594491,11.1520070757996
52.9610217173048,12.0106470047105,11.1517035957884
53.036971916963,12.2077008927845,11.1517673863994
53.1830874809749,11.9405878294089,11.1516259017419
53.032029091048,11.7734481237372,11.1515910532521
53.0045371960557,12.5802697191175,11.1519276859945
52.9353393942915,12.5039433191334,11.1519121291418
53.2762112973104,12.2910788570928,11.1517473779878
52.8979688789978,12.4399385014758,11.1518942583466
53.2552827150121,12.5390043641239,11.1518530077109
52.7892884882413,13.8363550541088,11.1525013369133
52.6191640485652,13.8124130472948,11.1525336369477
52.4778943103218,13.8903992381568,11.1526018510944
52.8930827014001,13.7648581069965,11.1524455285007
53.0173399541526,13.6011227038381,11.1523465631486
53.0639372168809,13.8594685396655,11.1524422121173
52.2257495476472,13.6835062315612,11.1525758155427
52.4399999632323,13.8254820669808,11.1525836637038
52.5745889703704,13.62407932914,11.1524650776464
52.4549615834278,13.6088818383693,11.1524879316285
52.7552398406704,14.2173679960548,11.1526702082933
52.5954322774945,14.2994465042387,11.1527458996358
53.0378918939244,14.1313494965709,11.1525618702264
52.9843650457266,13.9803378912983,11.1525125498613
53.0816261179757,14.2485081405262,11.1525994212569
52.3609877549914,14.0896160604685,11.1527161241847
52.2709765294611,13.9439806839909,11.1526763119251
53.4258868301051,13.7954639361847,11.1523248868098
53.0546593243044,13.435161754326,11.1522686184866
53.1514611927209,13.701957680417,11.1523550915826
51.443602103094,13.4560418625403,11.1526653295546
51.9723550664702,12.9601515667316,11.1523256921542
52.1977247168221,12.9766985274516,11.1522804626188
52.1278941567588,12.8994998456045,11.152263741575
52.368643819511,13.0726510863921,11.1522812346419
51.6230113518697,13.158927127463,11.1524928646369
51.9373740721508,13.5534052958362,11.152589824272
51.9859893978606,13.3490675665427,11.1524898969646
52.0543727276895,13.6588772855857,11.1526070543183
52.3406111451541,13.3434773916295,11.1524028455376
52.2199006219356,13.2569479807511,11.152394768565
51.5909672746131,13.2176077443939,11.1525259722297
51.6156848248852,13.4100115072131,11.1526043229178
52.9204134382879,12.8752686257007,11.1520689822719
53.0165496529942,13.1411679641396,11.1521562145452
53.1184389752356,12.8422543198898,11.1520088964203
53.0491135180556,12.7659535713109,11.1519937589807
52.3611476828814,12.8792328606219,11.1522011076824
52.9146642583999,12.5950002000457,11.1519544406365
52.8731121260072,12.5491562459155,11.1519450393175
52.7344113913175,12.6244487167245,11.1520080792352
52.9403430539442,13.4016643856978,11.1522825737069
52.9374225543304,13.2605829402022,11.1522246767115
52.9837223588392,13.5182557572263,11.1523204242357
53.0691358993697,13.0617294210907,11.1521108671443
52.6625611951444,13.1654311226121,11.1522507885738
52.495540547533,13.2820180426234,11.1523397109486
52.5040871952564,13.2451104833218,11.152322082482
52.5948565526887,14.5329842793812,11.1528452962257
52.5327496703371,14.4182671548859,11.1528125854995
52.4349253481931,14.3817166196264,11.152822225576
53.2710991560273,14.3393137090991,11.1525880380419
51.7566086711916,14.0859141176513,11.1528661070938
51.634315948985,13.9987083111491,11.1528581807836
51.9376210533742,14.0011239977803,11.152784006256
51.8669715646468,13.9233882075427,11.1527676899381
51.4973550816127,13.8238916530464,11.1528147287311
51.5064626977184,13.7864387918113,11.1527959787707
51.7334524318603,13.587340773625,11.1526537024462
51.8290663186537,13.8580277188658,11.152748543091
51.67860184406,14.261378377377,11.1529627530223
52.1453101358833,14.2527968436179,11.1528408856273
51.9832824588461,14.334971030349,11.1529177529829
51.6405731294137,14.1957511197477,11.1529434010501
53.0858608409996,11.3843288071477,11.1514213171045
52.2748044071876,12.2764652167671,11.1519661394429
52.0842484355106,12.3415802709929,11.1520359987536
52.3665294979831,12.6312686085373,11.1520951336184
52.2261055353477,12.7068038656442,11.1521591505262
52.1295296375816,12.669338343853,11.1521652450185
52.636079844219,12.4471794579581,11.1519567051464
52.5167936111049,12.3609937413925,11.1519476195228
53.0246860494696,12.2620445039843,11.1517924123663
52.9557165050818,12.1858395506651,11.1517766407977
52.9774227058904,11.9384251603207,11.1516704008791
53.227659580346,12.5085773762984,11.1518469711913
52.9518471477766,12.4311930453252,11.1518783918933
52.7998115281365,12.2632205072814,11.151843456651
52.9145040490161,12.367232628739,11.1518605291096
52.7766107314882,13.8920409595919,11.1525278892138
52.6868179564047,13.7472418521107,11.1524893615773
52.790777376175,13.6758763500646,11.152433665622
53.0037245040392,13.81668136348,11.1524395222827
52.2702776814095,13.5689141561252,11.1525159178685
52.3393482572265,13.8785386837434,11.152631277527
52.7291818532927,13.5620298074626,11.1524010682215
52.4721443670573,13.5347393817257,11.1524522948665
52.6523513458077,14.1281737441992,11.1526587792412
52.9269520819421,14.0796785655762,11.1525685876717
52.9353441057672,14.0425012795957,11.1525509135761
53.0982715610889,14.1740999667284,11.1525641970049
52.2578842366446,13.9999662223253,11.1527036023976
52.354439159449,14.2701533823753,11.1527950980414
53.1679450079388,13.6281237911293,11.1523205090701
53.3251349349962,13.9376537953578,11.152408622154
53.1859623501908,14.0158263025874,11.1524761792254
53.0893876626729,13.979568342341,11.1524856554387
51.9615353356735,13.22844323322,11.1524436843655
52.0099275886157,13.0250333260491,11.1523448415824
52.035213419885,13.2163369802899,11.1524210952557
52.1452911463094,12.8258835756539,11.1522283287289
52.1909413271893,13.1551606855339,11.1523581653514
51.6409710900981,13.084769134767,11.1524563543905
52.034543214418,12.7729559538537,11.1522311302614
52.0060827747547,13.488382733798,11.1525451821477
52.1595296076929,13.2136275219468,11.1523905662401
52.2833048703143,13.5132509599059,11.1524889829276
51.8470882157016,13.3363218662044,11.1525173714427
51.6534208165049,13.4753344702087,11.1526239329837
51.531739834608,13.3879785793655,11.1526145319197
52.7911400969784,12.984911531789,11.1521449001736
52.7215654327659,12.9082617411024,11.1521292926456
52.906666596509,13.08910873803,11.1521608622585
53.0655486041922,12.6930004572542,11.1519599332758
52.6840404310708,12.843927610192,11.1521112009831
52.4050703700716,12.7661109856381,11.1521431737827
52.8135602902851,12.5062222734331,11.1519408911634
52.8592981191792,12.762211212856,11.1520364205957
52.8384482853284,13.3127852006752,11.1522702490633
51.6673969390606,14.6066567090066,11.153117944063
53.0505200096476,13.4535811305629,11.1522772541303
53.0830383702245,13.0770066219362,11.152113851717
53.1532668765563,13.3827947725798,11.1522229429094
52.6794564671884,13.0918492937746,11.1522159473084
52.3933732206746,13.1926354638252,11.1523262326992
52.1960179169246,14.5680159892833,11.1529641348392
52.0976118253698,14.531286703198,11.1529737347103
52.0336645402107,14.650897180332,11.1530423505152
52.431714773147,14.472177449563,11.1528617551842
51.7038707870076,13.9330246495925,11.1528121546899
51.6973166110406,14.2581700860241,11.1529566223825
52.1688850784145,13.9257009997155,11.152693870071
51.8848143796702,13.8486083424028,11.1527307348804
51.3937976813899,13.733263114466,11.1527997554294
51.4891806995628,14.0051674763959,11.1528968776885
51.7296033236502,13.6775126505051,11.1526940139014
51.6590929191895,13.59967163575,11.152676984756
51.8469368146629,13.7832907351933,11.1527115952146
51.6650076892323,14.3178398442083,11.1529910642338
52.2141174945988,14.1869189649362,11.1527950094576
52.0418554056656,14.1628733483753,11.1528281375057
51.8982499255558,14.2416312017623,11.1528986475125
51.5367544779456,14.1052386533858,11.1529293664138
51.5809059587427,14.3684023975879,11.1530346993336
52.6143264862837,12.240301830491,11.1518754436589
52.3066187898367,12.5880324401133,11.1520905125802
52.1867660207972,12.5014537995419,11.1520809551975
52.5372302576477,12.4982031551829,11.1520004107568
52.5836657806649,12.2977295346037,11.151906214182
52.5800603475043,12.6143708585228,11.152039260162
53.2040985293284,12.0763121626299,11.1516763678354
53.1353405552687,12.0003350673776,11.1516607703845
52.9721514884621,12.1134312269613,11.1517432587283
53.1031934907457,11.7622844541078,11.1515709947704
53.0431910494536,11.8758824132339,11.1516303878443
53.126925866248,12.4201777196694,11.1518339622147
52.9892131398649,12.4951560626878,11.1518961862349
52.6740723462063,13.802906283071,11.1525159752197
52.7708588732957,14.0715435841042,11.1526048102531
52.8342367468985,13.5617521258765,11.1523752059282
52.39671210003,13.707953139436,11.1525443271786
52.2364407651917,13.7888885159344,11.152618366317
52.7964695268025,13.4972210998484,11.1523574636974
52.6269363597751,13.4728801506847,11.1523885306077
52.4861665695215,13.5501555316603,11.1524554139324
52.6929674020326,14.3359174365684,11.1527362657423
52.8243570307414,13.9907027516769,11.1525573062498
52.5408721373162,14.0761517266765,11.1526649743291
52.3718384061501,14.1953090785551,11.1527586089054
52.2511460271782,14.1804762958955,11.1527828591113
53.3822143593429,13.6791394603921,11.1522882238073
51.4613500373589,13.3100396135524,11.1525968539279
53.3444160857323,13.6149531852014,11.1522713383441
53.2057533363517,13.6924423497319,11.1523376515112
53.0660266523321,13.5394842371354,11.1523090198912
53.3915895084844,13.8725269546103,11.152365079291
51.4535924692938,13.5618978638849,11.1527096367561
52.0063606853372,13.1144072689758,11.1523840673148
51.9091138765036,13.0769470081994,11.1523906527498
52.0728811954544,13.2812861525536,11.1524400869353
52.2083176155945,13.0813215881752,11.1523225770274
51.9847261223994,12.8340710083285,11.1522687179362
51.9928447250792,13.5441438807813,11.1525724413394
51.9225353102545,13.4665857455278,11.1525558121619
52.2228190003932,13.4699735570829,11.1524851012363
52.1018158686272,13.3833059199129,11.1524770063766
51.7443129128381,13.2461773137688,11.15250249291
51.6010624955263,13.3230634809594,11.1525697277813
52.738357528687,12.8349738330305,11.1520948095243
53.1297924276216,12.9458521144456,11.1520487771269
53.0604007313396,12.8695311303735,11.1520337480126
52.700860070872,12.7706835771955,11.152076725111
52.5824807095411,12.7548374845499,11.1520975021147
52.3922324311647,12.8211595119602,11.1521693668291
52.925820436219,12.6985105952796,11.1519946203862
52.7547149328491,13.2207388281225,11.152251943312
52.8244462752226,13.5279252343677,11.1523634659918
53.0515836914345,13.2941690529794,11.1522110438517
52.7170739605155,13.1562936372837,11.1522339823246
52.577642639166,13.0027115253633,11.1522025948137
52.3707435168832,14.429027432849,11.1528590330953
52.3282823415848,14.3825731473572,11.152850032607
52.5437834880702,14.5241446627438,11.1528548416007
53.1014377592625,14.3164198744176,11.1526225594508
53.2049393329496,14.2441684920264,11.1525658183264
51.8311910303574,14.0731958391418,11.1528419360761
51.7669353032514,14.1921676918943,11.1529101042099
51.6445269010907,14.1049812818406,11.1529024246957
52.0657834479916,13.8358440488219,11.1526806442469
51.9227166485772,13.9139259994165,11.152749794656
51.3896189076582,13.8238347902577,11.1528409145295
51.5074287086335,13.9301016416744,11.152859188084
51.5468379032516,13.5465690545262,11.1526806074086
51.9751852543609,14.4445365888862,11.1529675509907
51.7282527953021,14.57795268839,11.1530895698496
51.6571155460192,14.4998739795956,11.1530734050243
52.2009496136069,14.2431048442628,11.1528225636345
52.1107886190325,14.0970842441502,11.1527823113462
51.5194921243361,14.3247205713709,11.1530308855605
53.1766952294266,11.6641282130745,11.1515151744397
53.0970235630552,11.4862421313356,11.1514602469658
52.5048623584848,12.1875959802569,11.1518778149123
52.2543219137394,12.4379004001138,11.1520388651373
52.249650138464,12.755986017971,11.1521746270179
52.4540091559416,12.4061192782909,11.1519806253144
52.3580132193771,12.3686948497627,11.1519864411495
52.6469869847429,12.5507836786226,11.1519974133267
53.0313724367889,12.1562702699767,11.1517475865688
53.0268667882134,11.9479999550746,11.1516634209871
53.1244177900701,12.5080494290807,11.1518704854443
53.1692202879523,12.3084816798665,11.1517787279257
53.2390655889182,12.6116880093572,11.1518863862988
53.2705086066992,12.239713969067,11.151727813484
52.6847650080727,12.3867313987739,11.151920540968
52.615554402433,12.3101713360156,11.1519042553071
52.6711052817022,13.8925971252739,11.152554535438
52.6008474397045,13.8155814799179,11.1525395285944
52.7877948120115,13.9971276762318,11.1525692318156
52.8216280974768,13.6172158508173,11.1524014963891
52.4646981121244,13.6428556835967,11.152499967328
52.2940274268283,13.6183927288034,11.1525312767852
52.1519924085449,13.6960049290672,11.1525992221463
52.5691052389843,13.5716242830456,11.1524442613197
52.6943494222393,13.4081594419387,11.1523449734268
52.7402892434409,13.6668033796956,11.1524423210576
52.5899028787847,14.2466377352162,11.1527248977212
52.8186893673821,14.1703339768509,11.1526341865274
52.4292949411618,14.02400899427,11.1526709036529
52.2686366053086,14.1056604972462,11.1527462853609
51.4795028100239,13.2356422680552,11.1525599080334
53.1038042229415,13.6038401305824,11.1523263434154
53.4172867524441,13.992260847513,11.1524076270211
51.4249484389827,13.4590862287704,11.1526710918334
53.379371447796,13.9279765769896,11.1523909042634
51.4913819940287,13.6273970450819,11.152729472463
53.30941613229,13.8516278504202,11.1523772283711
51.9719520027438,13.3335694090376,11.1524865504821
52.3632771252802,13.0204058774154,11.1522603631536
52.2223000518642,13.0967608486853,11.1523258760368
52.1253462466712,13.0594430276851,11.1523326660835
52.0449756262648,12.8774990966777,11.1522734748244
51.9402410125002,13.3922858207946,11.15251944879
51.985635332447,13.7241102970639,11.1526520027536
52.1701146656392,13.3185528205157,11.1524329456776
51.6106241474121,13.3572282420424,11.1525824212434
51.6600685900204,13.1529322917877,11.1524816185767
51.7276973141411,13.4630987241722,11.1526008771373
52.7758782934906,12.8992658462692,11.1521128224167
52.802236102465,13.0889841127213,11.1521856293103
53.1389058250298,12.7510293072693,11.1519666697185
52.9508762928284,12.8174158006832,11.1520379221663
52.5993889894656,12.6816260893201,11.1520629595968
52.6950309810715,12.9479422289836,11.1521520820392
52.7982545442994,12.6491715154902,11.1520036644187
52.7289146745398,12.5726316467523,11.1519877917718
52.9133894442578,12.7532828439349,11.1520201479705
52.7223199702288,13.4388923537716,11.1523510838347
53.0943889121658,13.1809034975087,11.152153964305
52.6177072983113,13.2083575262489,11.152279493911
52.6152282954523,13.0671893328214,11.1522208064972
52.6608731584602,13.3251439480157,11.1523182054944
52.2067771122473,14.6743677485821,11.153007332148
52.2673023431577,14.3393542322866,11.152847098495
51.727654809654,13.9829228774587,11.1528281580642
51.5833084824642,14.0613296805557,11.1528984077171
52.0622409111792,13.9260272022415,11.1527204901038
52.1106805109292,13.7208719929284,11.1526200291996
52.1795528933889,14.0313990187414,11.1527367246139
51.4275042832105,13.889487076338,11.152860788242
51.609427643596,13.8051871364642,11.1527791764574
51.5387801875965,13.7271983896113,11.1527620219853
51.862422005756,14.3920186315093,11.1529734758952
51.8713909262181,14.3543910762109,11.152954726701
51.6752776372529,14.4244242503476,11.1530354574296
52.0975522148079,14.1532483578308,11.1528099280215
52.1940869018743,14.4241932987464,11.1529024717043
52.2064402157511,12.2696510139149,11.1519784195769
52.2725089489841,12.4350122263139,11.1520335632618
52.2208185998915,12.6547005765939,11.1521382483765
52.2414103907217,12.4927607066142,11.1520649704291
52.3172633995377,12.6921095137411,11.1521320809911
52.4210595764695,12.6224781050024,11.1520789913628
52.0442653023411,12.4359152656272,11.1520850408777
53.0477260399336,12.0839369667273,11.1517143482486
53.0905815746587,12.1990743862366,11.1517518161305
53.1936056787832,11.8174175060143,11.1515736056022
53.0453051170454,11.5634157203394,11.1515026680716
53.0650472574269,12.4652656788965,11.1518665627764
52.946270472264,12.3795911729541,11.1518584184443
53.3359470544114,12.1768541809956,11.1516875587665
52.9089464138665,12.3156502393922,11.1518405364423
52.6323547524926,12.2374368484118,11.1518702298561
52.4896410471578,13.7633956683704,11.1525449872269
53.1250876478345,13.7420838064692,11.1523782542433
52.8861233681993,13.8728888270982,11.152492417346
52.8159763135804,13.7960824370384,11.1524777917297
52.4517943198558,13.6985380049472,11.1525267783671
52.3621384987466,13.5533839986099,11.1524869684556
52.4667090122436,13.4822850553716,11.152431385237
52.6799902426072,13.6238093650736,11.1524390932209
52.6339889142553,14.1314047598645,11.1526648111009
53.0925356800494,14.12159824737,11.1525438468231
52.835592594286,14.0958496917073,11.1525985915092
52.3263173510137,13.9344475398949,11.1526584298432
52.4228799310349,14.2043097420682,11.1527494819187
53.4362512740769,13.6696068655656,11.1522708504739
53.1622110041638,13.5759500177137,11.1523003973736
53.3560460591533,13.7191924820498,11.1523111633062
51.3888178947863,13.6802001778909,11.1527774522467
53.3070422084346,13.9408791633566,11.1524145330638
53.3257625743211,13.7777390287722,11.1523427631486
53.3747460858538,14.1066198365253,11.1524654137894
52.0299814785426,13.1638553431605,11.1523997753347
51.8877479691111,13.2405450870944,11.152466300632
51.790229337806,13.2030514756955,11.1524729854656
52.4308631330722,12.956209338896,11.1522174058023
52.3107230041081,12.869779499784,11.152208794442
52.00332089192,13.6495910598026,11.1526154638868
51.9329428046588,13.5720127554174,11.1525989499915
52.3955532602177,13.3342801139178,11.1523857763035
52.3255611553949,13.2571579111266,11.1523697352021
52.1570252798545,13.3741186364107,11.1524598646482
51.6797850666085,13.2923745462868,11.1525377852995
53.0274333886198,13.0158874195228,11.1521018674714
52.8398504849191,13.1533404969092,11.152203480897
52.719976629805,13.0674092010723,11.1521961275049
53.1552472170151,12.6781439383656,11.1519329984892
52.4692891480579,12.7909467453068,11.1521388189579
52.3997045148934,12.7140572775224,11.1521224567486
52.5849077257975,12.8955338911947,11.1521559110269
52.7456434918239,12.499691128341,11.1519536663385
53.0448450235439,13.4014467775184,11.1522570568253
52.7658062863529,13.3251107391402,11.1522929147409
51.5642334499148,14.6608522795116,11.1531686145848
53.1730497070356,13.0617720011924,11.1520861164248
53.2196674977967,13.3183524150185,11.1521802756214
52.515721391038,13.1191290470549,11.1522661769376
52.7281265045626,13.2606293560036,11.152274999454
52.1499704851564,14.6122542663573,11.1529952637937
52.0283588534541,14.5976399187934,11.1530205328877
52.3816390427196,14.5350696847645,11.1529017029034
52.20923185284,14.5115950237052,11.152936320719
53.313285198583,14.3852189604231,11.1525960094909
53.2165252933394,14.3492178578344,11.1526063187112
51.7732560492849,13.8674442071564,11.1527663688646
52.0013756395941,13.8826259452468,11.1527167743869
51.8796148200639,13.7957079073663,11.1527089998618
51.3750764216236,13.7363571002341,11.15280564665
51.8417570084894,13.7304083106873,11.1526898368645
51.556927339534,13.6524306029283,11.1527247300996
51.7585868377169,14.301744949583,11.1529602966545
51.854902585146,14.5739103387729,11.1530550925619
52.0940287943395,14.2437321110376,11.1528499832771
52.0232758847567,14.1660810456753,11.1528342117035
52.2116786340771,14.349111483368,11.1528655456936
52.316404756153,12.322586793578,11.1519763238729
52.23807878534,12.5813861533445,11.1521032472189
52.3043675940141,12.7471387810148,11.1521583184126
52.4647589336822,12.5098473817893,11.1520217177737
53.0614957612676,12.0991572417066,11.1517175000179
52.9665840283145,12.0620252450801,11.1517234210198
53.2574641503812,12.0677432643531,11.1516609695732
53.1887373180528,11.9918184232304,11.1516454585615
53.0376074966391,11.824651289959,11.1516107142046
53.0123841783315,12.3164359162349,11.1518174936555
53.0101492465447,12.6319599617254,11.1519476632977
53.2819192584238,12.3424710139356,11.1517669535394
52.6696553010853,12.3015353048126,11.1518885315528
52.5537552440737,14.0202303920367,11.152637985182
52.4833564377324,13.9430708573595,11.152622881061
53.0147000048341,13.6903413507254,11.1523842641714
53.0230146750626,13.6533800319821,11.1523668536433
52.8328197745212,13.7219615632523,11.1524425626431
52.3491669955665,13.609043621371,11.1525138372282
52.4454423901088,13.8781365116827,11.1526047190974
52.5106952386885,13.3682230600317,11.1523724963649
52.7608381999219,14.2700824998525,11.1526909974047
52.6009669338695,14.3522805229845,11.1527669103285
53.1595361490222,14.0561590494793,11.1524995993208
52.9900472830954,14.0328163464752,11.1525329912699
52.8496602606584,14.1112259231455,11.1526014665483
52.3664104993357,14.1424497690538,11.1527373615542
52.4401971879567,14.1295674363219,11.1527131778045
53.4317435077065,13.847629191415,11.1523447493953
53.2287229762123,13.5112529964073,11.1522573538679
53.0603403243588,13.4873100009191,11.1522888145961
53.2722631851122,13.6276038696435,11.152294433553
51.4485948988931,13.5089563635991,11.1526874757106
53.1966958449397,13.889377415482,11.1524211922609
53.3910669839398,14.0325202587992,11.1524308179313
52.0982615265824,13.0993721585841,11.1523560918614
52.2030186689704,13.0289964990084,11.1523015132556
52.2506370341318,12.8265102015413,11.1522043290011
52.3740155689636,13.124923251258,11.1523021185878
52.0614475907736,13.479148718819,11.1525278922108
51.9912119836357,13.4016731322889,11.1525113388241
51.8210870845108,13.5191440021288,11.1526029337927
52.3459853565862,13.3959142567249,11.152423858665
52.3428169048437,13.1832922791363,11.1523342554592
51.6663206868974,13.3481249621092,11.1525652857212
51.5960124824257,13.2703220081734,11.1525478425817
52.9260068988862,12.927167816732,11.1520891551464
52.786952053051,13.0032560588217,11.1521535289389
53.124113058494,12.8940398823756,11.1520288316247
53.1690886176867,12.6933822459154,11.1519360179915
52.4167922911488,12.6407833504462,11.1520876713583
52.9202397500628,12.6467418476419,11.1519745247714
52.8093195300761,12.7528550894402,11.1520441470093
52.7399132398773,12.6762930381698,11.1520283788405
53.0613886205008,13.3278491062959,11.1522225935647
52.9430446178452,13.312690686971,11.1522449558097
52.7531746442103,13.3804275367364,11.152319110255
51.6024347163021,14.7267120616396,11.1531879381369
52.4319753396504,13.0267877464471,11.152246951036
52.5009773793435,13.334347768723,11.1523605180918
52.6004037681351,14.5859408655027,11.1528663752722
52.0461526427755,14.522300964931,11.1529831349824
52.538263951285,14.4711933798447,11.1528337092836
52.2780989479776,14.4453999947299,11.1528899741999
51.7617695131824,14.1390279130409,11.1528880995454
51.7597878733281,13.9235812231978,11.1527942323491
51.9485912181523,13.7303526917972,11.152663753269
51.9428563260452,14.0541084787443,11.1528057414627
51.5023894807069,13.8769834027511,11.1528369514881
51.4375231012531,13.9958319939376,11.1529054738564
51.738577983293,13.6401948793523,11.1526755417042
51.5947523474544,13.7178961625553,11.1527443746457
51.7547346488315,14.3926299520385,11.1530012057698
51.8728723283078,14.4984983584957,11.1530174137169
51.9108867764606,14.1135033871903,11.1528395938414
51.6456887827903,14.2489770089295,11.1529655797585
53.0914396399704,11.4352712979603,11.1514407754339
52.0894611342961,12.393565347222,11.1520569358006
52.1363953528629,12.4918329491574,11.1520881975572
52.2313974414235,12.7589346469532,11.1521800663967
52.6415308701784,12.4989678376676,11.1519770528836
52.4519991932585,12.5646735900946,11.1520476364868
53.0302886723359,12.3135403594728,11.1518122569345
53.2049052762029,11.9197497498741,11.1516126209205
53.0539008716257,11.7526701216179,11.1515778227537
53.0966172863188,11.8674488439563,11.1516152197023
53.0000662733949,12.3708750869299,11.1518426303705
53.0763138985284,12.5684825308007,11.1519063138
53.2227460387329,12.2997808348019,11.1517630453128
52.8053209050972,12.3148241111996,11.1518635526581
52.9200668480071,12.4188424475267,11.1518805338367
52.7822001297376,13.9445715215402,11.1525485560022
52.5005667852072,13.8686162605868,11.1525869471467
52.9125796030178,13.6015126281844,11.152372545973
53.0094056648307,13.8690624323458,11.1524598929811
52.345900070941,13.6987797674103,11.1525529002526
52.2756337909676,13.6215085694794,11.1525370939729
52.4626807399005,13.8037238906507,11.1525687881617
52.4978618955684,13.4236816402354,11.1523990368743
52.6579009266194,14.1808899799711,11.1526796687153
52.5162382885695,14.2596395658799,11.1527492669143
52.9326156488365,14.1322376960332,11.1525891271093
53.0571752598166,13.9674634958811,11.1524887788904
53.104012855822,14.2266267786119,11.1525845545821
52.2632578622355,14.0528004680858,11.1527249385926
52.4782056241494,14.1946044506854,11.1527312636641
53.4479640208203,13.7738162520767,11.1523104899342
51.4745099260635,13.1828942844794,11.152537910024
53.2164238834257,13.5665071526606,11.1522831222263
53.1269785605278,13.4226997931976,11.152245811149
51.5181482922044,13.4438610796859,11.1526422965975
53.0945384699817,13.800742849455,11.1524101792212
53.1917314883533,14.0682264910098,11.1524963876312
52.0851451449128,13.1548035665177,11.152382920878
52.0151437764324,13.0774460472003,11.152366132964
52.2473030526596,12.9154912836581,11.1522428950831
52.3138160385392,13.0816940309117,11.1522979620423
51.6460313747374,13.1373857513462,11.1524781110345
52.0397569611038,12.8252137891638,11.1522522954712
52.0088357777824,13.3274758424918,11.1524751592057
52.2348875106181,13.3433514234394,11.1524280883171
52.1648196342884,13.2660767462927,11.152411749579
52.4063526211318,13.4391185111076,11.1524276764419
51.6140196403121,13.1960377181179,11.1525111622358
51.658505979228,13.5281636326616,11.1526458281309
52.7966855024718,13.0369344637843,11.1521652592077
52.8426415168505,12.8353550968963,11.1520706388079
52.9122662071839,13.1411352867089,11.1521811218079
53.1902444175449,12.8302442923158,11.151987103758
53.0711923107688,12.7447262433424,11.151979879499
52.4542451443847,12.7052148526654,11.1521062105739
52.4800929409034,12.8951039637759,11.1521801606097
52.936786299044,12.5738358453637,11.151940619172
52.8190887357659,12.5579608003636,11.151961058866
52.6301491625517,12.6238336056267,11.152031744811
52.9596776493476,13.2391226626361,11.1522104161771
53.0562003168969,13.5057415215898,11.1522974607311
53.1582688164871,13.2053110095632,11.1521486545417
53.088710991575,13.1289418543143,11.1521339030596
53.2736813708413,13.3090532075572,11.1521633392866
52.3987618671561,13.2449633987742,11.1523471300263
52.617602523046,14.5109333435046,11.1528299935186
52.2013949379382,14.6211793359317,11.1529857288226
52.0300627113188,14.741926904818,11.1530829650546
52.0389753234369,14.7041795707071,11.1530641780225
52.5555074849775,14.3962600035976,11.1527973337914
52.2649472218541,14.5017448267766,11.1529176463469
53.3385276673371,14.1131412185688,11.1524773796758
51.7797590725001,14.0639810645106,11.1528507293168
51.7090008896641,13.9860806466931,11.1528341586766
51.822930320104,14.1825675182332,11.1528918247712
51.9352770348245,13.7863166141033,11.1526912816939
52.0118942086623,13.9884340144539,11.152760015416
51.3987822436252,13.786352795057,11.1528220732077
51.7347317487028,13.7304179751056,11.152715891682
51.7840055539584,13.5252926783751,11.1526145056895
51.8521215648559,13.8361995558721,11.1527333663131
51.792838721473,14.4582537492665,11.1530203053964
51.6701401945617,14.3711191823167,11.153013254841
51.9743733091875,14.3725584404535,11.1529363939987
51.9034804696286,14.2947622992152,11.1529205147086
51.541820088457,14.1584639763854,11.1529516446045
52.157118738966,12.3301283657061,11.1520149559757
52.311938598155,12.6400572194,11.1521112900085
52.1208403327411,12.7060605621844,11.1521828651152
52.6583362889134,12.4260529184958,11.1519428693412
52.5890867844321,12.3494555260614,11.1519265659391
52.3505172246705,12.475368786304,11.1520330406707
53.209764663876,12.1276129884881,11.1516959492896
53.0727183965891,12.2019500226973,11.1517570046079
52.9777241047958,12.1648648885431,11.1517631087988
53.0487797565126,11.9271414330176,11.1516500740598
53.0640137609141,12.6230889335196,11.1519315676976
52.9948140743073,12.546804491637,11.1519161516442
52.7458657457,12.27185000455,11.1518591253428
52.6796133049837,13.8554375659542,11.1525367388399
52.5384768788204,13.9335076834194,11.1526050262662
52.9098418007532,13.690812338838,11.1524104582865
53.0260626398946,13.7949815799432,11.1524249135208
52.164191098532,13.5689618785781,11.1525416862694
52.802045459097,13.5495271919126,11.1523779843301
52.5617723680315,13.6797008947523,11.1524917372784
52.4916138624118,13.6026380233271,11.1524763229008
52.725731419218,14.1152471174548,11.1526346755146
52.8299721572978,14.0432635043254,11.1525779445697
53.0436052771358,14.1838827556772,11.1525822893843
52.3078773442207,13.9376255359143,11.1526643883794
52.3772714827126,14.248193916114,11.1527798660865
53.1146122321955,13.4779325432846,11.1522716393095
53.2115122143466,13.7446586295106,11.152357745596
51.5045387678554,13.4997906865693,11.1526701259074
53.2082340345805,13.9940571160698,11.1524615210356
52.0115799437461,13.1668720732869,11.1524053968777
52.0326868620041,13.00358676803,11.1523303461253
52.0781376186555,13.3338135701309,11.1524613989722
52.2343249805109,12.9707206623799,11.1522693955872
52.1077921286774,12.7611836302946,11.1522093456896
51.9980803188634,13.5968542002406,11.1525939463022
52.0465447700229,13.3924907680993,11.1524941644807
52.0719761394418,13.5844604448039,11.152570700556
52.1822417405815,13.1921117325754,11.152375999827
52.2281495622669,13.5225357230554,11.1525063003536
51.676494342421,13.4536572436265,11.1526089600743
51.6061173207049,13.3758320931437,11.1525916276953
52.8635023912539,12.9728453810892,11.1521228218236
53.0116481552097,12.7019125211584,11.1519761160152
53.1354770898962,12.9976909503747,11.1520687327973
52.7063558421352,12.8226276606379,11.1520971147409
52.5176396481212,12.9596035436229,11.1521985462659
52.39760081729,12.8732780032174,11.1521901319739
52.8357234559231,12.4850874416625,11.1519270876731
52.8300672723088,13.3496307628823,11.1522876412128
52.7602580061849,13.2729115572602,11.1522724236903
51.5591329560611,14.6073725232666,11.1531461867793
52.9459742329804,13.4538490026515,11.152302893969
53.105165121886,13.0556432074034,11.1520997788409
52.7225976386906,13.2084482182306,11.1522544854178
52.4427727824267,13.1312477105522,11.1522885491843
52.6317478267189,14.5263706748541,11.1528328646487
52.2190132483472,14.5459140927454,11.1529486114129
51.9260104978031,14.6518192461181,11.1530707815763
52.3761886794901,14.4820359863893,11.1528803634602
52.4522604943708,14.3068104797783,11.1527857612817
52.5493082881078,14.577120929392,11.1528759822923
53.1071885197727,14.3690202758802,11.1526429514334
53.307446728984,14.332709888868,11.1525758642103
53.3262393400832,14.1687901695732,11.1525034402559
51.5963858846415,13.933155007027,11.1528386773164
51.7721060484341,14.2453333804982,11.1529321209361
51.9985952618746,14.0445604375036,11.1527876723166
51.9279409654764,13.9668704556462,11.1527715180459
51.4449162575467,13.6709467485264,11.15275986272
51.673790607645,13.6868118932021,11.1527115972783
51.5518802111285,13.5994864195219,11.1527026616096
51.7398849489864,14.3049646416734,11.1529664458886
51.7334262101438,14.6313391795742,11.1531117679678
52.206311562791,14.2960954144532,11.1528440495792
51.9213506796284,14.2196433876321,11.1528832204703
53.1026126172108,11.5372412487354,11.1514797315952
52.1441466814669,12.3849463515787,11.1520410856029
52.3291033482816,12.5668092853015,11.1520764467184
52.0189314166365,12.6163479451243,11.1521677207379
52.459381532647,12.457969514289,11.1520011648412
52.6524481949421,12.6026269164364,11.1520177863539
53.1506726857648,12.084879996113,11.1516917805081
53.0324527914843,11.9993096592617,11.1516831511942
52.9402630100413,11.8747100974344,11.1516524768506
53.2438716059762,12.4359932674161,11.1518136769726
53.1748852041072,12.3599354411547,11.1517984279375
53.0112684789929,12.474044638925,11.1518824622741
52.6902331315362,12.4384616169859,11.1519408114366
52.6766499054621,13.9451782780313,11.1525753304539
52.7233598881182,13.7409231610385,11.1524776486278
52.7933947856999,14.0497093523637,11.1525899165058
52.9476796126297,13.755341028325,11.1524279674218
52.8272213008493,13.6695757499972,11.1524220247488
52.2277100438892,13.8261410269589,11.1526365008971
52.1573044423083,13.7487243056686,11.1526205862954
52.6914129337874,13.4974240566368,11.1523831665031
52.6998773164711,13.4604650269701,11.152365586707
52.5087579362693,13.5285225288951,11.1524407530922
52.7129693584817,14.1711640071441,11.1526615168374
52.8735157639846,13.9285597345765,11.1525188751791
52.4347434748552,14.0767753935051,11.1526920357772
52.2740204730826,14.1585462372357,11.1527676425526
53.3926295643895,13.5534135755894,11.1522342065816
51.4845004541941,13.2884175780501,11.1525819214085
53.2279415101937,13.6708176917316,11.1523232207488
53.10951536716,13.6560573304862,11.1523465323122
53.4231513496936,14.0445360712581,11.1524275522891
51.4299332346866,13.5120109193294,11.1526932622604
51.452261659571,13.3472698016031,11.1526153700792
53.3852164727313,13.9802358401901,11.1524108576208
51.4964040849093,13.680384235815,11.1527516269609
53.2461792409974,14.0584907870707,11.1524784748136
53.1059807520402,13.9054257983725,11.152450702283
51.9002764013428,13.1139374969843,11.1524086724227
52.095660360589,13.2597323491258,11.152425435167
52.132246259577,12.8810878558075,11.1522548782686
52.2276107748476,13.1491151508988,11.1523469418861
52.0501992167776,12.9298118096122,11.1522946681948
52.042999518361,13.4822270054495,11.1525336536791
51.9454461145046,13.4449366204756,11.1525409621173
52.1097810129497,13.6495388882427,11.1525895377807
52.2455506752659,13.4483507954227,11.152470380141
51.7353759188234,13.2832982144404,11.1525207406708
51.6651405388513,13.2055785625102,11.152503379383
51.4940381913731,13.3226089937782,11.1525947053967
52.8509897020738,13.0278541639451,11.152148631676
52.7814125829439,12.9512475372332,11.1521331700259
53.0758231859879,12.9549200397156,11.1520652707963
52.956479246276,12.8692675363018,11.1520580407085
52.6048372990776,12.7335671760323,11.1520834343433
52.4650270535121,12.8092881643967,11.1521475246997
52.8037844560515,12.7009997452326,11.1520238998371
52.8495679447014,12.500373240913,11.1519302526023
52.9189731915555,12.8051158986309,11.1520402877676
52.7770713242305,13.1992778715806,11.1522376296144
51.6292393686669,14.5408879696122,11.1530986872096
53.1696966288631,13.3092789353797,11.1521886729919
53.1000721393144,13.2328914845991,11.1521740353197
52.7394387179016,13.1348575811384,11.1522196964017
52.6207041663085,13.1193421648629,11.1522413986448
52.4299173269119,13.1865573733438,11.1523149866834
52.2571786070038,14.6112674194252,11.1529668993448
52.1153221651503,14.4560491192129,11.1529365282965
52.393601803871,14.4070008648272,11.1528436950737
52.2726980679675,14.3923644489118,11.152868531506
52.4371885375657,14.5251797503849,11.1528830216988
51.6592887837475,14.1925571837993,11.1529373002347
51.5883923178673,14.1145101355946,11.1529206106676
52.1864166276158,13.8510864468684,11.1526574237037
52.1159760632576,13.7736242304161,11.1526414526289
51.9457284097179,13.8920819088994,11.1527346193214
51.4325112874905,13.942646312046,11.1528831240714
51.4312195539488,13.7270740823034,11.1527879781673
51.6213107367964,13.5343000661175,11.1526574143751
51.6145101185419,13.8582173580105,11.1528012516066
51.8676446588943,14.4452457404807,11.1529954392861
51.8032349725678,14.5648674569617,11.1530644659857
51.6804200243511,14.4777549733138,11.1530576718438
52.1028647104689,14.2062396455998,11.1528315144319
51.9593919214516,14.2850828801563,11.1529021053632
51.5428390903712,14.302664866117,11.1530152194127
52.3430043958013,12.5821939739005,11.1520797842698
52.2466975879901,12.5447607857739,11.1520857864885
52.4763653456142,12.3849926608336,11.1519667442979
52.5426425564054,12.5500677537694,11.1520208898075
53.0981622500703,11.9367013122206,11.1516430827676
53.0962078958752,12.2505018386419,11.1517715654979
53.1992528763329,11.8685697298895,11.1515931072144
53.1194106358557,11.6904077159688,11.1515382630045
53.0706779633305,12.5168605299022,11.1518864326612
53.0660774932761,12.3077488221072,11.1518017884385
53.3416729982332,12.2281507079512,11.1517070299944
52.7568456074165,12.3751460467623,11.1518994572851
52.6161450681525,13.9021554864022,11.1525723176323
52.4951013294619,13.81599299328,11.1525659620235
52.8944030950423,13.6046536975981,11.152378331696
52.8917580680694,13.9253566860577,11.1525129460049
52.4572349529418,13.7511179229306,11.1525477779574
52.1748173758095,13.674276501439,11.1525843081341
52.5891994999238,13.4082388348606,11.1523704466283
52.6855238837331,13.6762403686379,11.1524597932458
52.7100281242364,14.2612015416135,11.152700292395
52.6395308372738,14.1841314525902,11.152685724138
52.8608914549367,13.984276885253,11.1525453900893
52.5029085531004,14.0112055812375,11.1526469462433
52.3317169091117,13.9872143993548,11.1526796600996
52.1892829448497,14.0655891972003,11.1527490115716
53.4421049093223,13.721698836408,11.1522906665022
53.2828311292691,13.5018393406288,11.1522401720154
53.1260346138922,13.582244336881,11.1523119253938
53.4276839150928,13.8660952525407,11.1523533292345
51.5145866616444,13.605639377707,11.1527143168649
53.3315765000227,13.829943407868,11.1523627392261
53.1438950931357,13.9698987662137,11.1524678418676
51.892922687258,13.2931356345654,11.1524878204687
52.4362550739957,13.0083864717314,11.1522381748245
52.244948453626,13.0753027464174,11.1523114190961
51.9899217086181,12.886386885779,11.152289965554
52.0085664512677,13.7023543887681,11.1526369939522
52.4009503918119,13.3866860392478,11.1524067205457
52.2595806689491,13.4638046042641,11.1524736009035
52.1623226224361,13.4266584928559,11.1524811091144
52.7981507907947,12.8779504453598,11.1520987372965
52.8454256411055,13.2054349766524,11.152223839342
53.0228970122217,12.8054528481427,11.1520161478045
52.4746885105152,12.8430117722452,11.1521594834964
52.5214578612576,12.6414673108008,11.1520640220746
51.6537478508557,14.6633691819561,11.1531465540291
52.5903615047522,12.9476039818287,11.1521764787139
52.870366303026,12.6373644805536,11.1519821537857
52.7511432194248,12.5514581104046,11.1519739087215
52.8147273649463,13.2636987915537,11.1522554884769
51.615569300194,14.5975693476481,11.1531272941289
52.8412363546788,13.4540740824536,11.1523285187756
53.1787589288332,13.1136553595439,11.1521060591905
52.990207035006,13.1809386874451,11.1521789762585
52.6376345091716,13.0457827805984,11.1522065378563
52.7336605653399,13.3128369828048,11.1522955242986
52.1553298568365,14.665462191723,11.153016930137
52.1534533877906,14.5214423337569,11.1529550168814
52.2902028970002,14.317356992724,11.1528317751508
53.2214571685579,14.1698362177331,11.1525308073827
51.8490971417339,13.9982507533763,11.1528047569091
51.6065570860446,14.0393923233574,11.1528829689597
52.0066324163158,13.9355169307964,11.1527383890047
52.0041470429847,13.7209886500712,11.1526461304064
51.4508067742509,13.8676105150517,11.1528454082858
51.3800529219243,13.7894569982886,11.1528279891386
51.4937457339521,13.9863932626056,11.1528874444159
51.6077690159209,13.5902544972312,11.1526851916463
51.6840047122983,13.7927106664457,11.1527555117327
51.7637595043481,14.3549725839873,11.1529823620078
51.61899811346,14.4341388557627,11.1530540947318
52.0993445032493,14.2967730903592,11.1528716038494
52.1478554255599,14.0906861599735,11.1527702354856
52.2170508347141,14.4021529771702,11.1528870518229
53.1928225135132,11.5923988421058,11.1514826493297
52.1518806336431,12.2782117968913,11.1519941216785
52.3217147299758,12.3744527158226,11.1519969881061
52.5409684556777,12.1818949297048,11.1518674291007
52.243369208415,12.6334391056633,11.1521241012815
52.3096948315715,12.7992561288611,11.1521791584321
52.5137227467296,12.449267231197,11.1519852474779
53.0671044838678,12.1505398459902,11.1517372463202
53.0859559510274,11.9908052948391,11.1516678336802
53.161967215831,12.1875705333878,11.1517310784404
53.2631517009691,12.1190133964523,11.1516804895827
52.8921952415595,11.9344680435143,11.1516875224487
53.1564969722068,11.7539105046288,11.1515559660718
53.0386744551388,11.6683554512157,11.1515467936201
53.0870504943559,12.4441758215177,11.1518528898851
53.130075476623,12.5596405712474,11.1518903032143
53.2332455586664,12.176064662694,11.1517103668988
52.7443257908549,12.4297422037048,11.1519249320737
52.6751124846106,12.3532229496833,11.1519087877714
52.5629820729569,13.7507815474443,11.152521508341
52.5592568300104,14.072935858916,11.1526589629859
53.0203786514092,13.7426486174609,11.1524045844881
52.9589931285065,13.8601162322942,11.1524688156163
52.8384235258381,13.7743732206744,11.1524631099288
52.3545589934136,13.6616229934669,11.152534931407
52.2126559321704,13.7393196971808,11.1526029574381
52.5861645027235,13.4975835455603,11.1524088510984
52.7024812420349,13.602162672684,11.1524244683287
52.5279719199933,14.132119236358,11.1526920225288
53.1652964960707,14.1085935547925,11.1525198505864
52.4899872362412,14.0671419877871,11.152673993304
52.4000080431219,13.9217327864185,11.1526346173823
53.1811458191049,13.4133514085544,11.1522287283885
53.2780461162277,13.6797526358187,11.1523144305521
53.2024622283344,13.9417046037765,11.1524413528303
53.3969229890271,14.0848297622079,11.1524507850461
51.9106286216575,13.2189920041337,11.1524515990523
52.3257066204878,12.9557718644152,11.152241757416
52.2559456373776,12.8786980594053,11.1522252614136
52.1427733115287,12.9856635097472,11.1522970756455
52.0667093666505,13.531791292258,11.1525492901235
51.9240744061501,13.6092432969484,11.1526172222027
51.8262471843139,13.5719201287146,11.1526246397296
52.4687134713487,13.3220136968223,11.1523630439052
52.3481835485402,13.2356387327051,11.1523552094768
51.6714050923515,13.4008776046167,11.1525871157587
51.7206988823574,13.1965535210782,11.1524864512924
51.7456029387187,13.3886947358992,11.1525641963032
52.8621406808819,13.1319181017247,11.1521892504184
52.7924967109861,13.0552913445816,11.1521738990257
53.174775272715,12.7450585303858,11.1519558470523
53.0105269831757,12.8602646177966,11.1520416423544
52.5419561873237,12.7790854195457,11.1521170354594
52.6915145725298,12.5084512782359,11.1519696332265
52.8148597735016,12.8047374829261,11.1520644058095
53.0670663729463,13.3799347653899,11.1522427487846
52.8789866197548,13.5185555468588,11.1523462065304
52.7587258590232,13.4326897922519,11.1523396447624
52.5071913587417,13.1559700604961,11.1522837303008
52.4373715214901,13.0790042769752,11.152267744008
52.6231918867039,13.2605883830819,11.152300131382
52.0514621405082,14.5755107155424,11.1530049060063
52.3043498752746,14.3328478659374,11.1528348121064
53.2082527356604,14.3864617285897,11.1526239005803
51.8870549152266,14.0636536299994,11.1528238294282
51.7649418707182,13.976606328779,11.1528161627743
52.0243331174416,13.8608024812781,11.1527016576115
52.0675262643393,13.9789132545636,11.1527420441347
51.4425397313544,14.049044048805,11.1529278374506
51.670477207457,13.8488297077394,11.1527834268562
51.5998240643972,13.7708855664622,11.1527664351947
51.8094589875402,14.238912931354,11.152919882954
52.0382786534794,14.2534083628566,11.1528683191791
51.9161162249339,14.1665604617794,11.1528614013739
52.211700967756,12.3215371936979,11.1519991882617
52.1833830590657,12.5901296643556,11.1521193456213
52.1416379611071,12.543881381932,11.152109134281
52.3536791878002,12.6862302399509,11.1521212642048
52.4124105331214,12.3600565654806,11.1519706316423
52.4573791739403,12.6166167398668,11.1520682377762
53.0834210156309,12.0782334284188,11.1517040673865
53.1497787791831,12.2418434281813,11.15175594756
53.0594871119315,11.8038504139924,11.1515974523472
53.1041564576111,11.6062042465129,11.1515073811636
53.1022274984547,11.9186773265545,11.1516348446239
53.1008660609422,12.4594123093303,11.1518559717122
53.0056647768233,12.4224462111261,11.1518625404955
53.2284325084902,12.351203801225,11.1517826829903
52.9254500383102,12.24307955266,11.1518069510078
52.6918595305591,12.2804780365174,11.1518748079105
52.5501404132246,13.8065016050821,11.1525482797918
52.6271938117747,14.0074060367548,11.1526140569273
52.9182102874007,13.6538204351633,11.1523929610454
52.7781209375364,13.7314433844277,11.1524600956924
52.3512954551662,13.7514097232174,11.1525740286118
52.3988346493005,13.5471701309985,11.1524754025848
52.4681316879601,13.8563558372848,11.1525898088356
52.6239348098977,13.562263965457,11.1524269135344
52.5033073451438,13.4760889004693,11.1524198894364
52.5923762604945,14.3897030815296,11.1527850234869
52.5217368463603,14.3124901743265,11.1527703641589
53.0545629714765,14.0570293703189,11.1525266843303
53.0628874699712,14.0199000008099,11.1525091287885
52.8721572773305,14.0893819468521,11.1525865827246
52.3870185333773,13.9776475743495,11.1526617263761
52.4836843432771,14.2474386462278,11.1527523883982
53.4538286161365,13.8259590432747,11.1523303206258
53.2221799995716,13.6186495626297,11.1523031673118
53.2943967178365,13.606014718328,11.1522800770077
53.269143040964,13.8765351617401,11.1523976276206
53.100256921057,13.8530715721229,11.1524304366589
53.3128577669104,13.9931805195232,11.1524345760527
52.0904002661281,13.2072544722758,11.1524041714446
51.9482968281521,13.2840289602316,11.1524707855711
52.2732081376095,12.8051749447946,11.1521900739178
52.3191649566741,13.1339970132703,11.1523189140091
52.1351712180813,13.4668327983766,11.152504864895
52.2402165711371,13.3958377898762,11.152449228128
52.2879024527562,13.1923954430564,11.1523511299157
52.4117599553072,13.4915774603884,11.1524486438546
51.7168524665093,13.2863239586886,11.152526420581
51.6190737794793,13.2487293224334,11.1525329959839
51.7833327010867,13.4539186700582,11.1525836033129
52.9177026057549,12.9637938270189,11.1521062828048
52.8482002524932,12.8872686899359,11.1520908876339
52.6823923215712,13.0030049936153,11.1521780735524
53.1910792554496,12.6722002907074,11.1519222374247
52.5292214913185,12.8340853323128,11.1521430769351
52.4596335718007,12.7572378698324,11.1521268612348
52.7551203127955,12.7617701608973,11.152060428166
52.6356072677038,12.6757269329584,11.152052163454
52.9653078399178,13.2912077970977,11.1522306624133
52.8258740063838,13.3680613539866,11.1522963467954
51.6258239834297,14.7044921113912,11.1531720075078
53.1639800541289,13.257281870299,11.1521686590804
52.4544825367117,13.005381059751,11.1522326321324
51.9662622850406,14.4821785435499,11.1529862574171
52.5610303304566,14.4491638909889,11.1528184226682
52.2703505816241,14.5548412576857,11.1529391324533
53.1055995865207,14.2977966996214,11.1526137363235
51.7849288978978,14.1170724225432,11.1528726847909
51.8342471207892,13.9109853626099,11.15277036334
51.8281250119191,14.2357021895944,11.1529137671666
52.0384391944457,13.8763204350962,11.1527048878848
51.9405002309089,13.8391861290451,11.1527129443735
51.8595920196995,13.6558033025854,11.1526530501784
51.7891499023804,13.5780893159575,11.1526362594223
51.617915930459,13.6961082044862,11.1527291969405
51.7980343482183,14.5115478720412,11.1530423801253
51.7959697030916,14.2953045095644,11.1529480046455
51.9852786341706,14.1007332038562,11.15281539146
51.9796437640657,14.4257232591666,11.1529582082147
51.5377658674554,14.2493632549787,11.1529928900709
52.0816440501142,12.5005121312046,11.1521041847075
52.126087430602,12.7582399492497,11.1522039033794
52.6637954903604,12.4778185084165,11.1519631841003
52.5245273836118,12.5529893113216,11.1520262359742
52.3558496501263,12.5273077960654,11.1520537247345
52.9829877835937,11.9897527456599,11.1516901818028
53.078337506531,12.2533877096975,11.1517767747642
53.2930077787256,12.0620300939964,11.1516507121247
53.1677589852828,11.8562024362823,11.1515950163248
53.0696529010143,12.674775342408,11.1519514922492
53.2446183367365,12.278783061465,11.1517495459512
52.7513531232123,12.3234842302641,11.1518792849724
52.6143691695872,14.0632866778253,11.1526409428311
52.5439672227574,13.9861738471812,11.1526259957661
52.9614199738454,13.5398375655979,11.1523348637759
52.290708194194,13.708180075276,11.1525704607937
52.1695017163608,13.6216059903748,11.1525629912312
52.5709457117629,13.4113278600431,11.1523761607047
52.5672588518915,13.732218529883,11.1525125975894
52.5389704430029,14.237699516298,11.152734119791
52.9521059277194,13.9682081953313,11.1525156410435
53.0493240569972,14.2364411298306,11.1526027160933
52.3837754809483,14.0677354278916,11.1527010244099
52.3132691526205,13.9904027814114,11.1526856423975
52.5009461659056,14.1726890768296,11.1527161445266
53.3700126419222,13.7344506044338,11.1523139238747
53.1203207470503,13.5300754916594,11.1522917779067
53.3321931552217,13.6702334573269,11.1522970393111
51.5095603143465,13.5527015796426,11.1526922141077
53.2568302423801,13.9320416968402,11.1524236081928
53.1670649948673,13.7879883965263,11.1523867468393
52.1349741524287,13.0933563082189,11.15234491345
52.0379116955251,13.0559767918859,11.1523516022852
51.8456590973561,13.1940104019274,11.1524560660441
52.2396342138682,13.0229981538823,11.1522904008327
52.3364062798569,13.0602514318833,11.1522835545676
52.1130365237564,12.8134007085033,11.1522304204698
52.1220356761271,13.5225238886449,11.1525319464099
52.0517956449409,13.4450923124989,11.1525155490274
52.2845914155652,13.281739899151,11.1523899518828
52.3513646479194,13.4483776924481,11.1524448836189
51.6815884439529,13.5064638089738,11.1526308185317
52.8648597762693,12.8140751611847,11.1520566253334
53.086601822833,12.8299961060131,11.1520113310086
53.0172699652796,12.7536692304552,11.1519961264393
52.4766675125197,12.6839539003781,11.152092123865
52.5230684880387,13.0117417309136,11.152219214988
52.7024748158628,12.6120740195719,11.1520102596584
52.8356491909136,13.4018393008007,11.1523080749304
52.8816620328894,13.1993120488656,11.1522126115972
52.9516106989754,13.506059726184,11.1523232238714
53.2302784568411,13.1930106634343,11.1521262577623
53.1108457534499,13.1075557963398,11.1521197978606
52.4920705226095,13.0699464826428,11.1522510296437
52.5180664488689,13.2605043109232,11.1523252416637
52.5001518130186,14.4060932730958,11.1528158177947
52.4577341510176,14.3597162886784,11.1528069524773
52.3151777837794,14.4388518876593,11.1528775904986
51.6999803449099,14.0235754498002,11.152852847562
51.6014690476938,13.9862605229811,11.1528608165397
51.8974929565514,14.1697625406426,11.152867481796
52.0038592259384,14.0975398539967,11.1528093461769
51.5206009285256,13.8020493694416,11.1527994290116
51.6788952201344,13.7397480008458,11.152733547764
51.677093306422,13.5250949376328,11.1526400375966
51.8160521372923,14.4361639486635,11.1530046680852
51.7450495982408,14.3582026219735,11.1529885362332
51.8593980212954,14.5550497101774,11.1530456622911
51.9719442917081,14.1569522536867,11.1528431729606
52.0488677900496,14.3595782368729,11.1529117179968
52.1493870398937,12.4369289648132,11.1520619712208
52.1939233519018,12.6943242546633,11.1521612010552
52.0241304490293,12.6685229656932,11.152188842771
52.5806589093282,12.3858826651637,11.1519436579086
52.4848461713654,12.3485361483342,11.1519495729025
52.4231203759585,12.4637700667643,11.1520117840605
51.9866897458472,12.6038099449111,11.15216964213
53.156317342427,12.1362115012,11.1517114236103
52.9695087873009,12.2010836287643,11.1517798095687
53.1927819295143,11.9737932566292,11.151637240113
52.9458092195435,11.9260174482495,11.1516722751106
53.2495745190715,12.4874852848894,11.1518333369715
53.1121617069993,12.5625880372764,11.1518956383004
53.0168773870409,12.5256703067731,11.1519023955852
52.7680178571526,12.2508141176914,11.1518454521401
52.8108354053518,12.3664552792147,11.1518836611864
52.7991031239331,13.8702858001068,11.1525131227744
52.7289183544967,13.7933973577401,11.1524983333988
52.5611224496978,13.9117115943823,11.1525901200085
52.9533337072257,13.8077158018303,11.1524483871281
52.9489119311127,13.595229864465,11.1523609810952
52.2378392147329,13.5565580709478,11.1525185095435
52.2330614874682,13.8788957135553,11.1526578165988
52.6969444807384,13.5497802897621,11.1524038122874
52.6349530119808,13.6671379115458,11.1524684188149
52.5142136761313,13.580982456103,11.1524616277024
52.7185471529607,14.2238742027402,11.1526823444916
52.5770189026181,14.3027078351068,11.1527520121219
52.9493951995498,14.0578558578312,11.1525537624644
53.0660007585526,14.1620258882256,11.1525674485322
52.2014715460019,13.9380225664306,11.1526910667768
53.1630969387826,13.4164677155795,11.1522344204684
53.2337084227622,13.7230114708548,11.152343282395
51.555380303996,13.4377687234817,11.1526307898947
51.4572529063328,13.4001199158263,11.1526374619345
53.1546844879543,13.8434745982567,11.1524127912222
53.2519761088233,14.1108845700001,11.15249862243
51.9054500590576,13.1664511800456,11.1524301287791
52.1009254352696,13.3122371284339,11.1524467119116
52.3074438944005,12.9587620897412,11.1522472816697
52.1375073042412,12.9333620442307,11.1522759701722
52.3503747099025,13.0756656350079,11.152286808681
52.0022583027009,12.7604411210905,11.1522331498693
52.0482535165206,13.5348798662213,11.1525550751235
52.0693646852952,13.3708855787508,11.1524794217091
52.1150724534425,13.7022525908023,11.1526109373887
52.2715949936312,13.3372298525992,11.1524167010867
51.7404869972597,13.335982957873,11.1525424614065
51.5970977110652,13.4130555127749,11.1526100619539
51.4990464370082,13.3754262995289,11.1526167360805
52.8565625821793,13.0798728202973,11.1521689356596
52.9023703384585,12.8782689085636,11.1520744558393
52.9289023471114,13.0677217818128,11.152146704469
53.0337354180218,12.6807101113518,11.1519622634884
53.0814859121021,13.0067899376459,11.1520852913007
52.5400805400181,12.9382352301344,11.1521843102841
51.8930759173992,14.6395325234554,11.1530739637586
52.4704255965376,12.8613656704527,11.1521682008427
52.9243790904764,12.6285074267341,11.1519660390242
52.8551110825896,12.5520912641917,11.1519503774739
52.6898839282871,12.6668767778017,11.15203598184
52.9026377305354,13.3372748578264,11.152264943094
53.0511110528988,13.0647722726845,11.1521164142742
53.1754185480604,13.3613021373611,11.1522086961401
52.7449706386553,13.186989516827,11.1522401661127
52.5557488999144,13.3251339995479,11.152343475807
52.4353211764865,13.2388647116293,11.1523358385589
51.9768125680998,14.5886560246722,11.1530299884535
52.3968464184043,14.3165767007358,11.1528041375016
52.4426675283361,14.5782071001985,11.1529042969613
51.6644124740361,14.2457727559279,11.1529594539619
52.1917516215683,13.9038739880082,11.1526787986439
52.0489891801466,13.9820871490294,11.152748032471
51.9509615782976,13.9450038816865,11.1527563063923
51.5584808750449,13.8676019403015,11.1528190932006
51.436220218067,13.7801433200767,11.1528102466093
51.6968999259855,13.6650443575201,11.1526964773796
51.7398650725759,13.7833498347279,11.1527377827557
51.6320706505235,14.3054430210821,11.1529939238033
52.0355489042376,14.415957424651,11.1529396236117
51.9646513228182,14.3382085483334,11.1529239096733
51.4800445588226,14.0427314006681,11.1529157660055
52.3483392894346,12.6341983579959,11.1521005175177
52.1809327128593,12.7494074928565,11.1521875857292
52.0920885296171,12.6046976892631,11.1521462060249
52.5480599163102,12.6019598200505,11.1520413817972
52.0311932736457,12.4908627762381,11.152111388544
53.1725413635227,12.0639723720608,11.151678392711
52.9882326517321,11.815039901533,11.1516175804077
53.1902950838092,12.4447764238615,11.1518295243948
53.0716997900906,12.3592515931433,11.1518216028943
52.7818363150472,12.2660971665676,11.151848677999
52.6216668245398,13.9547679202089,11.1525931825046
52.6179152617921,13.7413183495923,11.152503921747
52.9700380824087,13.7336626956158,11.1524133745407
52.900026297664,13.656971926933,11.1523987693722
53.0135726623214,13.8505345031108,11.1524511387431
52.2247713417801,13.6122725832589,11.1525455353914
52.30145777969,13.8135282621608,11.1526128695109
52.5946828847041,13.4605943536542,11.1523911850043
52.4538272602334,13.5378474412917,11.1524580687817
52.715609642332,14.3139608040439,11.1527211499521
52.7623796671379,14.1087822919581,11.1526226379359
52.9873703953697,14.1225007664508,11.1525710846529
52.8665217051328,14.0368167062753,11.1525659821509
52.265277278726,14.1959679127698,11.1527859388518
52.1946304786311,14.1184907804184,11.1527704544798
51.4050568023356,13.2476589484088,11.152582562387
53.2886112190928,13.5539141515283,11.1522601203665
53.1317538401378,13.6344390101238,11.1523320816302
51.5196178165596,13.6586040096148,11.1527364340404
53.2684237590936,14.0367088952436,11.1524638165783
53.1496439273384,14.0222947243512,11.1524880881327
51.9739548502704,13.1019295912158,11.1523862820639
52.0168041441062,13.2193639496944,11.1524267399689
52.2054400300949,12.8692158464969,11.1522329121565
52.2502677067775,13.1276343724682,11.1523324502471
51.6224518309989,13.0877529412309,11.1524619462847
51.9951222020371,12.938730193739,11.1523112273693
51.9365952496606,13.4821008273775,11.152559154508
52.1326208601551,13.6278268802924,11.1525746382499
52.1691780305185,13.2475776327605,11.15240280203
52.2649266431053,13.5163461444086,11.1524947534655
51.8094014084126,13.2711922766804,11.1524980374847
52.8996426772012,12.966811193222,11.1521117939222
52.8036932457383,12.9299094401692,11.1521190519001
52.9665062487396,13.1319794018792,11.1521643731918
53.0979274275989,12.9336105789217,11.1520512765018
52.596385272811,12.7701872920896,11.1521007155997
52.526871215868,12.6934220698311,11.1520845718784
51.6588928429191,14.7168344131893,11.1531688775104
52.3600851597063,12.8087324219437,11.1521715443513
52.8759256774631,12.6891516150934,11.1520023029052
52.8717082312952,12.4792448014811,11.1519164677953
52.890109706786,13.3925415317379,11.1522909811732
52.8202980700911,13.3158668926573,11.1522759124492
51.6206941686189,14.6510180395136,11.153149645095
53.1155734892889,13.3185648220884,11.1522056237591
52.9958467454628,13.2329767154301,11.1521991683427
52.6431186691744,13.097912943925,11.1522270964179
52.502923536968,13.174398425584,11.1522925167684
52.280146760621,14.589152386143,11.1529513744649
52.1588094756615,14.5746014121734,11.1529766507303
